Time (ms),TCP_x (mm),TCP_y (mm),TCP_z (mm),TCP_rx (mm),TCP_ry (mm),TCP_rz (mm),Robot_I (A)
0.0,176.0,-759.7,242.1,1.228,1.171,-1.208,1.161
2.522,176.0,-759.7,242.1,1.228,1.171,-1.208,1.161
4.52,176.0,-759.7,242.1,1.228,1.171,-1.208,1.161
6.524,176.0,-759.7,242.1,1.228,1.171,-1.208,1.09
10.5,176.0,-759.7,242.1,1.228,1.171,-1.208,1.09
12.052,176.0,-759.7,242.1,1.228,1.171,-1.208,1.09
16.082,176.0,-759.7,242.1,1.228,1.171,-1.208,1.196
18.604,176.0,-759.7,242.1,1.228,1.171,-1.208,1.196
22.18,176.0,-759.7,242.1,1.228,1.171,-1.208,1.196
24.717,176.0,-759.7,242.1,1.228,1.171,-1.208,1.09
26.699,176.0,-759.7,242.1,1.228,1.171,-1.208,1.09
29.734,176.0,-759.7,242.1,1.228,1.171,-1.208,1.09
32.283,176.0,-759.7,242.1,1.228,1.171,-1.208,1.126
34.302,176.0,-759.7,242.1,1.228,1.171,-1.208,1.126
36.3,176.0,-759.7,242.1,1.228,1.171,-1.208,1.126
38.315000000000005,176.0,-759.7,242.1,1.228,1.171,-1.208,1.126
40.523,176.0,-759.7,242.1,1.228,1.171,-1.208,1.16
42.660999999999994,176.0,-759.7,242.1,1.228,1.171,-1.208,1.16
44.674,176.0,-759.7,242.1,1.228,1.171,-1.208,1.16
46.686,176.0,-759.7,242.1,1.228,1.171,-1.208,1.16
49.217,176.0,-759.7,242.1,1.228,1.171,-1.208,1.125
51.426,176.0,-759.7,242.1,1.228,1.171,-1.208,1.125
53.96,176.0,-759.7,242.1,1.228,1.171,-1.208,1.125
59.062999999999995,176.0,-759.7,242.1,1.228,1.171,-1.208,1.125
61.092,176.0,-759.7,242.1,1.228,1.171,-1.208,1.161
63.077999999999996,176.0,-759.7,242.1,1.228,1.171,-1.208,1.161
65.29899999999999,176.0,-759.7,242.1,1.228,1.171,-1.208,1.125
67.305,176.0,-759.7,242.1,1.228,1.171,-1.208,1.125
70.964,176.0,-759.7,242.1,1.228,1.171,-1.208,1.125
73.5,176.0,-759.7,242.1,1.228,1.171,-1.208,1.161
77.526,176.0,-759.7,242.1,1.228,1.171,-1.208,1.161
80.435,176.0,-759.7,242.1,1.228,1.171,-1.208,1.161
82.031,176.0,-759.7,242.1,1.228,1.171,-1.208,1.16
84.586,176.0,-759.7,242.1,1.228,1.171,-1.208,1.16
86.586,176.0,-759.7,242.1,1.228,1.171,-1.208,1.16
90.348,176.0,-759.7,242.1,1.228,1.171,-1.208,1.16
92.35000000000001,176.0,-759.7,242.1,1.228,1.171,-1.208,1.196
97.346,176.0,-759.7,242.1,1.228,1.171,-1.208,1.196
99.147,176.0,-759.7,242.1,1.228,1.171,-1.208,1.126
101.169,176.0,-759.7,242.1,1.228,1.171,-1.208,1.126
103.174,176.0,-759.7,242.1,1.228,1.171,-1.208,1.126
105.174,176.0,-759.7,242.1,1.228,1.171,-1.208,1.126
107.17500000000001,176.0,-759.7,242.1,1.228,1.171,-1.208,1.126
109.261,176.0,-759.7,242.1,1.228,1.171,-1.208,1.196
111.886,176.0,-759.7,242.1,1.228,1.171,-1.208,1.196
114.843,176.0,-759.7,242.1,1.228,1.171,-1.208,1.196
116.85900000000001,176.0,-759.7,242.1,1.228,1.171,-1.208,1.195
120.271,176.0,-759.7,242.1,1.228,1.171,-1.208,1.195
121.994,176.0,-759.7,242.1,1.228,1.171,-1.208,1.195
123.97800000000001,176.0,-759.7,242.1,1.228,1.171,-1.208,1.195
125.994,176.0,-759.7,242.1,1.228,1.171,-1.208,1.196
128.508,176.0,-759.7,242.1,1.228,1.171,-1.208,1.196
131.056,176.0,-759.7,242.1,1.228,1.171,-1.208,1.196
133.071,176.0,-759.7,242.1,1.228,1.171,-1.208,1.196
135.07,176.0,-759.7,242.1,1.228,1.171,-1.208,1.125
137.07,176.0,-759.7,242.1,1.228,1.171,-1.208,1.125
138.595,176.0,-759.7,242.1,1.228,1.171,-1.208,1.125
142.153,176.0,-759.7,242.1,1.228,1.171,-1.208,1.125
144.13799999999998,176.0,-759.7,242.1,1.228,1.171,-1.208,1.161
146.154,176.0,-759.7,242.1,1.228,1.171,-1.208,1.161
148.67,176.0,-759.7,242.1,1.228,1.171,-1.208,1.161
152.23600000000002,176.0,-759.7,242.1,1.228,1.171,-1.208,1.02
154.23700000000002,176.0,-759.7,242.1,1.228,1.171,-1.208,1.02
158.236,176.0,-759.7,242.1,1.228,1.171,-1.208,1.02
160.309,176.0,-759.7,242.1,1.228,1.171,-1.208,1.125
164.292,176.0,-759.7,242.1,1.228,1.171,-1.208,1.125
168.306,176.0,-759.7,242.1,1.228,1.171,-1.208,1.125
170.649,176.0,-759.7,242.1,1.228,1.171,-1.208,1.055
172.65,176.0,-759.7,242.1,1.228,1.171,-1.208,1.055
174.651,176.0,-759.7,242.1,1.228,1.171,-1.208,1.055
176.65,176.0,-759.7,242.1,1.228,1.171,-1.208,1.16
178.175,176.0,-759.7,242.1,1.228,1.171,-1.208,1.16
181.731,176.0,-759.7,242.1,1.228,1.171,-1.208,1.16
183.74599999999998,176.0,-759.7,242.1,1.228,1.171,-1.208,1.23
185.745,176.0,-759.7,242.1,1.228,1.171,-1.208,1.23
188.268,176.0,-759.7,242.1,1.228,1.171,-1.208,1.23
189.804,176.0,-759.7,242.1,1.228,1.171,-1.208,1.23
191.81599999999997,176.0,-759.7,242.1,1.228,1.171,-1.208,1.02
193.815,176.0,-759.7,242.1,1.228,1.171,-1.208,1.02
195.815,176.0,-759.7,242.1,1.228,1.171,-1.208,1.02
198.336,176.0,-759.7,242.1,1.228,1.171,-1.208,1.02
200.55200000000002,176.0,-759.7,242.1,1.228,1.171,-1.208,1.09
203.102,176.0,-759.7,242.1,1.228,1.171,-1.208,1.09
205.102,176.0,-759.7,242.1,1.228,1.171,-1.208,1.09
208.292,176.0,-759.7,242.1,1.228,1.171,-1.208,1.09
211.036,176.0,-759.7,242.1,1.228,1.171,-1.208,1.09
213.16299999999998,176.0,-759.7,242.1,1.228,1.171,-1.208,1.09
216.17,176.0,-759.7,242.1,1.228,1.171,-1.208,1.09
218.17000000000002,176.0,-759.7,242.1,1.228,1.171,-1.208,1.231
219.946,176.0,-759.7,242.1,1.228,1.171,-1.208,1.231
222.497,176.0,-759.7,242.1,1.228,1.171,-1.208,1.231
224.497,176.0,-759.7,242.1,1.228,1.171,-1.208,1.16
226.497,176.0,-759.7,242.1,1.228,1.171,-1.208,1.16
228.497,176.0,-759.7,242.1,1.228,1.171,-1.208,1.16
231.62800000000001,176.0,-759.7,242.1,1.228,1.171,-1.208,1.16
233.656,176.0,-759.7,242.1,1.228,1.171,-1.208,1.126
235.655,176.0,-759.7,242.1,1.228,1.171,-1.208,1.126
238.228,176.0,-759.7,242.1,1.228,1.171,-1.208,1.126
239.921,176.0,-759.7,242.1,1.228,1.171,-1.208,1.126
241.923,176.0,-759.7,242.1,1.228,1.171,-1.208,1.196
244.459,176.0,-759.7,242.1,1.228,1.171,-1.208,1.196
248.962,176.0,-759.7,242.1,1.228,1.171,-1.208,1.196
250.97599999999997,176.0,-759.7,242.1,1.228,1.171,-1.208,1.16
254.278,176.0,-759.7,242.1,1.228,1.171,-1.208,1.16
256.288,176.0,-759.7,242.1,1.228,1.171,-1.208,1.16
258.289,176.0,-759.7,242.1,1.228,1.171,-1.208,1.125
260.178,176.0,-759.7,242.1,1.228,1.171,-1.208,1.125
262.177,176.0,-759.7,242.1,1.228,1.171,-1.208,1.125
264.669,176.0,-759.7,242.1,1.228,1.171,-1.208,1.125
268.192,176.0,-759.7,242.1,1.228,1.171,-1.208,1.196
270.519,176.0,-759.7,242.1,1.228,1.171,-1.208,1.196
272.278,176.0,-759.7,242.1,1.228,1.171,-1.208,1.196
275.827,176.0,-759.7,242.1,1.228,1.171,-1.208,1.09
278.33599999999996,176.0,-759.7,242.1,1.228,1.171,-1.208,1.09
280.856,176.0,-759.7,242.1,1.228,1.171,-1.208,1.09
282.848,176.0,-759.7,242.1,1.228,1.171,-1.208,1.196
285.403,176.0,-759.7,242.1,1.228,1.171,-1.208,1.196
287.404,176.0,-759.7,242.1,1.228,1.171,-1.208,1.196
288.914,176.0,-759.7,242.1,1.228,1.171,-1.208,1.196
290.94100000000003,176.0,-759.7,242.1,1.228,1.171,-1.208,1.196
292.94,176.0,-759.7,242.1,1.228,1.171,-1.208,1.231
296.491,176.0,-759.7,242.1,1.228,1.171,-1.208,1.231
300.041,176.0,-759.7,242.1,1.228,1.171,-1.208,1.231
302.051,176.0,-759.7,242.1,1.228,1.171,-1.208,1.196
304.03400000000005,176.0,-759.7,242.1,1.228,1.171,-1.208,1.196
306.591,176.0,-759.7,242.1,1.228,1.171,-1.208,1.196
309.14300000000003,176.0,-759.7,242.1,1.228,1.171,-1.208,1.196
311.28099999999995,176.0,-759.7,242.1,1.228,1.171,-1.208,1.196
312.81199999999995,176.0,-759.7,242.1,1.228,1.171,-1.208,1.196
315.346,176.0,-759.7,242.1,1.228,1.171,-1.208,1.196
317.377,176.0,-759.7,242.1,1.228,1.171,-1.208,1.125
320.941,176.0,-759.7,242.1,1.228,1.171,-1.208,1.125
322.93300000000005,176.0,-759.7,242.1,1.228,1.171,-1.208,1.125
325.456,176.0,-759.7,242.1,1.228,1.171,-1.208,1.125
327.483,176.0,-759.7,242.1,1.228,1.171,-1.208,1.125
330.30199999999996,176.0,-759.7,242.1,1.228,1.171,-1.208,1.125
332.992,176.0,-759.7,242.1,1.228,1.171,-1.208,1.125
334.989,176.0,-759.7,242.1,1.228,1.171,-1.208,1.231
336.519,176.0,-759.7,242.1,1.228,1.171,-1.208,1.231
338.546,176.0,-759.7,242.1,1.228,1.171,-1.208,1.231
342.083,176.0,-759.7,242.1,1.228,1.171,-1.208,1.231
344.088,176.0,-759.7,242.1,1.228,1.171,-1.208,1.125
346.086,176.0,-759.7,242.1,1.228,1.171,-1.208,1.125
348.05,176.0,-759.7,242.1,1.228,1.171,-1.208,1.125
350.60799999999995,176.0,-759.7,242.1,1.228,1.171,-1.208,1.055
352.607,176.0,-759.7,242.1,1.228,1.171,-1.208,1.055
354.606,176.0,-759.7,242.1,1.228,1.171,-1.208,1.055
356.625,176.0,-759.7,242.1,1.228,1.171,-1.208,1.055
358.469,176.0,-759.7,242.1,1.228,1.171,-1.208,1.195
361.02099999999996,176.0,-759.7,242.1,1.228,1.171,-1.208,1.195
363.02299999999997,176.0,-759.7,242.1,1.228,1.171,-1.208,1.195
366.02000000000004,176.0,-759.7,242.1,1.228,1.171,-1.208,1.195
368.057,176.0,-759.7,242.1,1.228,1.171,-1.208,1.16
370.59999999999997,176.0,-759.7,242.1,1.228,1.171,-1.208,1.16
372.603,176.0,-759.7,242.1,1.228,1.171,-1.208,1.16
374.607,176.0,-759.7,242.1,1.228,1.171,-1.208,1.16
376.601,176.0,-759.7,242.1,1.228,1.171,-1.208,1.125
379.64,176.0,-759.7,242.1,1.228,1.171,-1.208,1.125
381.654,176.0,-759.7,242.1,1.228,1.171,-1.208,1.125
383.65700000000004,176.0,-759.7,242.1,1.228,1.171,-1.208,1.196
388.16299999999995,176.0,-759.7,242.1,1.228,1.171,-1.208,1.196
390.23600000000005,176.0,-759.7,242.1,1.228,1.171,-1.208,1.196
392.23999999999995,176.0,-759.7,242.1,1.228,1.171,-1.208,1.196
394.24399999999997,176.0,-759.7,242.1,1.228,1.171,-1.208,1.09
396.238,176.0,-759.7,242.1,1.228,1.171,-1.208,1.09
399.27299999999997,176.0,-759.7,242.1,1.228,1.171,-1.208,1.09
401.284,176.0,-759.7,242.1,1.228,1.171,-1.208,1.125
403.289,176.0,-759.7,242.1,1.228,1.171,-1.208,1.125
405.289,176.0,-759.7,242.1,1.228,1.171,-1.208,1.125
407.293,176.0,-759.7,242.1,1.228,1.171,-1.208,1.125
409.311,176.0,-759.7,242.1,1.228,1.171,-1.208,1.125
412.856,176.0,-759.7,242.1,1.228,1.171,-1.208,1.161
416.85499999999996,176.0,-759.7,242.1,1.228,1.171,-1.208,1.161
420.829,176.0,-759.7,242.1,1.228,1.171,-1.208,1.09
422.92999999999995,176.0,-759.7,242.1,1.228,1.171,-1.208,1.09
424.449,176.0,-759.7,242.1,1.228,1.171,-1.208,1.09
426.451,176.0,-759.7,242.1,1.228,1.171,-1.208,1.125
428.451,176.0,-759.7,242.1,1.228,1.171,-1.208,1.125
431.48199999999997,176.0,-759.7,242.1,1.228,1.171,-1.208,1.125
435.49199999999996,176.0,-759.7,242.1,1.228,1.171,-1.208,1.125
437.49399999999997,176.0,-759.7,242.1,1.228,1.171,-1.208,1.055
440.023,176.0,-759.7,242.1,1.228,1.171,-1.208,1.055
442.021,176.0,-759.7,242.1,1.228,1.171,-1.208,1.055
443.546,176.0,-759.7,242.1,1.228,1.171,-1.208,1.161
445.547,176.0,-759.7,242.1,1.228,1.171,-1.208,1.161
449.102,176.0,-759.7,242.1,1.228,1.171,-1.208,1.161
450.642,176.0,-759.7,242.1,1.228,1.171,-1.208,1.161
453.16200000000003,176.0,-759.7,242.1,1.228,1.171,-1.208,1.16
455.164,176.0,-759.7,242.1,1.228,1.171,-1.208,1.16
457.164,176.0,-759.7,242.1,1.228,1.171,-1.208,1.16
460.986,176.0,-759.7,242.1,1.228,1.171,-1.208,1.16
462.497,176.0,-759.7,242.1,1.228,1.171,-1.208,1.161
464.51,176.0,-759.7,242.1,1.228,1.171,-1.208,1.161
468.085,176.0,-759.7,242.1,1.228,1.171,-1.208,1.161
469.54400000000004,176.0,-759.7,242.1,1.228,1.171,-1.208,1.055
471.554,176.0,-759.7,242.1,1.228,1.171,-1.208,1.055
473.802,176.0,-759.7,242.1,1.228,1.171,-1.208,1.055
475.802,176.0,-759.7,242.1,1.228,1.171,-1.208,1.055
478.30899999999997,176.0,-759.7,242.1,1.228,1.171,-1.208,1.231
481.41,176.0,-759.7,242.1,1.228,1.171,-1.208,1.231
482.919,176.0,-759.7,242.1,1.228,1.171,-1.208,1.231
484.93199999999996,176.0,-759.7,242.1,1.228,1.171,-1.208,1.231
486.945,176.0,-759.7,242.1,1.228,1.171,-1.208,1.161
489.019,176.0,-759.7,242.1,1.228,1.171,-1.208,1.161
491.04900000000004,176.0,-759.7,242.1,1.228,1.171,-1.208,1.161
493.045,176.0,-759.7,242.1,1.228,1.171,-1.208,1.161
495.26599999999996,176.0,-759.7,242.1,1.228,1.171,-1.208,1.161
497.269,176.0,-759.7,242.1,1.228,1.171,-1.208,1.161
500.19899999999996,176.0,-759.7,242.1,1.228,1.171,-1.208,1.161
504.298,176.0,-759.7,242.1,1.228,1.171,-1.208,1.161
506.314,176.0,-759.7,242.1,1.228,1.171,-1.208,1.09
508.314,176.0,-759.7,242.1,1.228,1.171,-1.208,1.09
512.054,176.0,-759.7,242.1,1.228,1.171,-1.208,1.09
514.5809999999999,176.0,-759.7,242.1,1.228,1.171,-1.208,1.055
518.1080000000001,176.0,-759.7,242.1,1.228,1.171,-1.208,1.055
520.2379999999999,176.0,-759.7,242.1,1.228,1.171,-1.208,1.195
522.222,176.0,-759.7,242.1,1.228,1.171,-1.208,1.195
523.7460000000001,176.0,-759.7,242.1,1.228,1.171,-1.208,1.195
525.773,176.0,-759.7,242.1,1.228,1.171,-1.208,1.195
528.298,176.0,-759.7,242.1,1.228,1.171,-1.208,1.02
530.829,176.0,-759.7,242.1,1.228,1.171,-1.208,1.02
533.828,176.0,-759.7,242.1,1.228,1.171,-1.208,1.02
535.9350000000001,176.0,-759.7,242.1,1.228,1.171,-1.208,1.196
538.4590000000001,176.0,-759.7,242.1,1.228,1.171,-1.208,1.196
541.0160000000001,176.0,-759.7,242.1,1.228,1.171,-1.208,1.196
543.0160000000001,176.0,-759.7,242.1,1.228,1.171,-1.208,1.196
546.357,176.0,-759.7,242.1,1.228,1.171,-1.208,1.09
548.922,176.0,-759.7,242.1,1.228,1.171,-1.208,1.09
551.948,176.0,-759.7,242.1,1.228,1.171,-1.208,1.09
559.052,176.0,-759.7,242.1,1.228,1.171,-1.208,1.231
561.064,176.0,-759.7,242.1,1.228,1.171,-1.208,1.196
564.578,176.0,-759.7,242.1,1.228,1.171,-1.208,1.196
568.114,176.0,-759.7,242.1,1.228,1.171,-1.208,1.196
576.189,176.0,-759.7,242.1,1.228,1.171,-1.208,1.09
609.36,176.0,-759.7,242.1,1.228,1.171,-1.208,1.196
616.8900000000001,176.0,-759.7,242.1,1.228,1.171,-1.208,1.055
621.48,176.0,-759.7,242.1,1.228,1.171,-1.208,1.055
623.497,176.0,-759.7,242.1,1.228,1.171,-1.208,1.231
625.486,176.0,-759.7,242.1,1.228,1.171,-1.208,1.231
629.045,176.0,-759.7,242.1,1.228,1.171,-1.208,1.196
631.062,176.0,-759.7,242.1,1.228,1.171,-1.208,1.196
633.061,176.0,-759.7,242.1,1.228,1.171,-1.208,1.196
635.586,176.0,-759.7,242.1,1.228,1.171,-1.208,1.196
638.192,176.0,-759.7,242.1,1.228,1.171,-1.208,1.231
640.648,176.0,-759.7,242.1,1.228,1.171,-1.208,1.231
643.163,176.0,-759.7,242.1,1.228,1.171,-1.208,1.231
647.183,176.0,-759.7,242.1,1.228,1.171,-1.208,1.195
650.5640000000001,176.0,-759.7,242.1,1.228,1.171,-1.208,1.195
652.226,176.0,-759.7,242.1,1.228,1.171,-1.208,1.161
654.762,176.0,-759.7,242.1,1.228,1.171,-1.208,1.161
656.76,176.0,-759.7,242.1,1.228,1.171,-1.208,1.161
659.3240000000001,176.0,-759.7,242.1,1.228,1.171,-1.208,1.161
661.5459999999999,176.0,-759.7,242.1,1.228,1.171,-1.208,1.196
663.5490000000001,176.0,-759.7,242.1,1.228,1.171,-1.208,1.196
666.5459999999999,176.0,-759.7,242.1,1.228,1.171,-1.208,1.196
669.618,176.0,-759.7,242.1,1.228,1.171,-1.208,1.196
671.646,176.0,-759.7,242.1,1.228,1.171,-1.208,1.196
673.63,176.0,-759.7,242.1,1.228,1.171,-1.208,1.196
675.646,176.0,-759.7,242.1,1.228,1.171,-1.208,1.196
678.1709999999999,176.0,-759.7,242.1,1.228,1.171,-1.208,1.161
680.84,176.0,-759.7,242.1,1.228,1.171,-1.208,1.161
684.8649999999999,176.0,-759.7,242.1,1.228,1.171,-1.208,1.161
686.867,176.0,-759.7,242.1,1.228,1.171,-1.208,1.125
688.391,176.0,-759.7,242.1,1.228,1.171,-1.208,1.125
690.037,176.0,-759.7,242.1,1.228,1.171,-1.208,1.125
692.4209999999999,176.0,-759.7,242.1,1.228,1.171,-1.208,1.125
694.394,176.0,-759.7,242.1,1.228,1.171,-1.208,1.161
696.4110000000001,176.0,-759.7,242.1,1.228,1.171,-1.208,1.161
700.508,176.0,-759.7,242.1,1.228,1.171,-1.208,1.161
702.5519999999999,176.0,-759.7,242.1,1.228,1.171,-1.208,1.126
704.548,176.0,-759.7,242.1,1.228,1.171,-1.208,1.126
706.565,176.0,-759.7,242.1,1.228,1.171,-1.208,1.126
710.262,176.0,-759.7,242.1,1.228,1.171,-1.208,1.126
712.2460000000001,176.0,-759.7,242.1,1.228,1.171,-1.208,1.126
716.262,176.0,-759.7,242.1,1.228,1.171,-1.208,1.126
720.3159999999999,176.0,-759.7,242.1,1.228,1.171,-1.208,1.161
722.004,176.0,-759.7,242.1,1.228,1.171,-1.208,1.161
723.9870000000001,176.0,-759.7,242.1,1.228,1.171,-1.208,1.161
726.545,176.0,-759.7,242.1,1.228,1.171,-1.208,1.196
729.133,176.0,-759.7,242.1,1.228,1.171,-1.208,1.196
732.468,176.0,-759.7,242.1,1.228,1.171,-1.208,1.196
734.4540000000001,176.0,-759.7,242.1,1.228,1.171,-1.208,1.125
736.977,176.0,-759.7,242.1,1.228,1.171,-1.208,1.125
739.0790000000001,176.0,-759.7,242.1,1.228,1.171,-1.208,1.125
741.105,176.0,-759.7,242.1,1.228,1.171,-1.208,1.161
743.105,176.0,-759.7,242.1,1.228,1.171,-1.208,1.161
745.107,176.0,-759.7,242.1,1.228,1.171,-1.208,1.161
748.1790000000001,176.0,-759.7,242.1,1.228,1.171,-1.208,1.161
752.6890000000001,176.0,-759.7,242.1,1.228,1.171,-1.208,1.09
756.678,176.0,-759.7,242.1,1.228,1.171,-1.208,1.09
758.736,176.0,-759.7,242.1,1.228,1.171,-1.208,0.879
760.549,176.0,-759.7,242.1,1.228,1.171,-1.208,0.879
764.295,176.0,-759.7,242.1,1.228,1.171,-1.208,0.879
767.3050000000001,176.0,-759.7,242.1,1.228,1.171,-1.208,0.633
768.8340000000001,176.0,-759.7,242.1,1.228,1.171,-1.208,0.633
772.4029999999999,176.0,-759.7,242.1,1.228,1.171,-1.208,0.633
774.376,175.9,-759.6,241.8,1.228,1.172,-1.208,0.738
776.386,175.9,-759.6,241.8,1.228,1.172,-1.208,0.738
778.393,175.9,-759.6,241.8,1.228,1.172,-1.208,0.738
780.9540000000001,175.9,-759.6,241.8,1.228,1.172,-1.208,0.738
783.946,175.9,-759.6,241.8,1.228,1.172,-1.208,0.738
785.9300000000001,175.7,-759.3,241.2,1.228,1.173,-1.208,0.949
788.455,175.7,-759.3,241.2,1.228,1.173,-1.208,0.949
790.5889999999999,175.7,-759.3,241.2,1.228,1.173,-1.208,0.949
792.572,175.7,-759.2,240.7,1.229,1.173,-1.208,1.125
794.5889999999999,175.7,-759.2,240.7,1.229,1.173,-1.208,1.125
796.575,175.7,-759.2,240.7,1.229,1.173,-1.208,1.125
799.114,175.7,-759.2,240.7,1.229,1.173,-1.208,1.125
802.125,175.7,-759.2,240.7,1.229,1.173,-1.208,1.125
804.11,175.6,-759.1,240.4,1.229,1.173,-1.208,1.16
806.11,175.6,-759.1,240.4,1.229,1.173,-1.208,1.16
808.64,175.6,-759.1,240.4,1.229,1.173,-1.208,1.16
810.203,175.6,-759.2,239.9,1.229,1.173,-1.208,1.055
812.217,175.6,-759.2,239.9,1.229,1.173,-1.208,1.055
814.22,175.6,-759.2,239.9,1.229,1.173,-1.208,1.055
817.23,175.6,-759.2,239.9,1.229,1.173,-1.208,1.055
818.9739999999999,175.6,-759.2,239.5,1.229,1.174,-1.208,1.055
821.557,175.6,-759.2,239.5,1.229,1.174,-1.208,1.055
823.5310000000001,175.6,-759.2,239.5,1.229,1.174,-1.208,1.055
825.545,175.6,-759.2,239.5,1.229,1.174,-1.208,1.055
828.0690000000001,175.4,-758.9,238.6,1.23,1.175,-1.208,1.055
830.7339999999999,175.4,-758.9,238.6,1.23,1.175,-1.208,1.055
832.7529999999999,175.4,-758.9,238.6,1.23,1.175,-1.208,1.055
836.765,175.4,-758.9,238.6,1.23,1.175,-1.208,1.055
839.318,175.3,-758.6,238.3,1.23,1.176,-1.208,1.336
843.4000000000001,175.3,-758.6,238.3,1.23,1.176,-1.208,1.336
845.373,175.4,-758.6,238.2,1.23,1.176,-1.208,1.407
848.3779999999999,175.4,-758.6,238.2,1.23,1.176,-1.208,1.407
850.7249999999999,175.4,-758.6,238.2,1.23,1.176,-1.208,1.407
852.272,175.5,-758.7,238.1,1.23,1.176,-1.208,1.337
854.282,175.5,-758.7,238.1,1.23,1.176,-1.208,1.337
856.3009999999999,175.5,-758.7,238.1,1.23,1.176,-1.208,1.337
859.381,175.5,-758.7,238.1,1.23,1.176,-1.208,1.337
861.917,175.4,-758.6,237.8,1.23,1.176,-1.208,1.442
863.933,175.4,-758.6,237.8,1.23,1.176,-1.208,1.442
866.9440000000001,175.4,-758.6,237.8,1.23,1.176,-1.208,1.442
870.0179999999999,175.4,-758.6,237.8,1.23,1.176,-1.208,1.442
872.208,175.4,-758.6,237.8,1.23,1.176,-1.208,1.372
874.22,175.4,-758.6,237.8,1.23,1.176,-1.208,1.372
878.227,175.4,-758.6,237.8,1.23,1.176,-1.208,1.372
879.958,175.4,-758.7,237.7,1.23,1.176,-1.208,1.442
882.509,175.4,-758.7,237.7,1.23,1.176,-1.208,1.442
884.538,175.4,-758.7,237.7,1.23,1.176,-1.208,1.442
888.55,175.5,-758.8,237.8,1.23,1.176,-1.208,1.443
891.544,175.5,-758.8,237.8,1.23,1.176,-1.208,1.443
894.061,175.5,-758.8,237.8,1.23,1.176,-1.208,1.443
896.062,175.6,-758.9,238.0,1.23,1.176,-1.208,1.266
899.2189999999999,175.6,-758.9,238.0,1.23,1.176,-1.208,1.266
901.23,175.6,-758.9,238.0,1.23,1.176,-1.208,1.266
903.245,175.7,-759.0,238.1,1.23,1.176,-1.208,1.407
905.476,175.7,-759.0,238.1,1.23,1.176,-1.208,1.407
907.475,175.7,-759.0,238.1,1.23,1.176,-1.208,1.407
908.999,175.7,-759.0,238.1,1.23,1.176,-1.208,1.407
911.026,175.7,-759.1,238.3,1.23,1.176,-1.208,1.512
913.552,175.7,-759.1,238.3,1.23,1.176,-1.208,1.512
918.092,175.7,-759.1,238.3,1.23,1.176,-1.208,1.512
920.308,175.8,-759.2,238.5,1.23,1.175,-1.208,1.407
922.3249999999999,175.8,-759.2,238.5,1.23,1.175,-1.208,1.407
927.3900000000001,175.8,-759.2,238.5,1.23,1.175,-1.208,1.407
929.3280000000001,175.9,-759.4,238.8,1.23,1.175,-1.208,1.442
932.36,175.9,-759.4,238.8,1.23,1.175,-1.208,1.442
934.8539999999999,175.9,-759.4,238.8,1.23,1.175,-1.208,1.442
938.9399999999999,176.0,-759.6,239.2,1.229,1.174,-1.208,1.302
940.982,176.0,-759.6,239.2,1.229,1.174,-1.208,1.302
942.955,176.0,-759.6,239.2,1.229,1.174,-1.208,1.302
945.4820000000001,176.2,-759.9,239.6,1.229,1.173,-1.208,1.301
947.5,176.2,-759.9,239.6,1.229,1.173,-1.208,1.301
950.039,176.2,-759.9,239.6,1.229,1.173,-1.208,1.301
952.065,176.2,-759.9,239.6,1.229,1.173,-1.208,1.301
954.0490000000001,176.3,-760.0,239.9,1.229,1.173,-1.208,1.09
956.603,176.3,-760.0,239.9,1.229,1.173,-1.208,1.09
959.139,176.3,-760.0,239.9,1.229,1.173,-1.208,1.09
961.4019999999999,176.3,-760.0,239.9,1.229,1.173,-1.208,1.09
965.927,176.3,-760.1,240.0,1.229,1.173,-1.208,1.125
968.449,176.3,-760.1,240.0,1.229,1.173,-1.208,1.125
971.013,176.3,-760.0,240.1,1.229,1.174,-1.208,1.055
973.029,176.3,-760.0,240.1,1.229,1.174,-1.208,1.055
975.022,176.3,-760.0,240.1,1.229,1.174,-1.208,1.055
978.148,176.3,-760.0,240.1,1.229,1.174,-1.208,1.055
980.278,176.2,-760.0,240.2,1.229,1.173,-1.208,1.055
982.2769999999999,176.2,-760.0,240.2,1.229,1.173,-1.208,1.055
984.268,176.2,-760.0,240.2,1.229,1.173,-1.208,1.055
986.8,176.2,-760.0,240.2,1.229,1.173,-1.208,1.055
989.3570000000001,176.2,-759.9,240.2,1.229,1.173,-1.208,1.231
991.567,176.2,-759.9,240.2,1.229,1.173,-1.208,1.231
993.567,176.2,-759.9,240.2,1.229,1.173,-1.208,1.231
995.567,176.2,-759.9,240.2,1.229,1.173,-1.208,1.056
998.105,176.2,-759.9,240.2,1.229,1.173,-1.208,1.056
1001.0490000000001,176.2,-759.9,240.2,1.229,1.173,-1.208,1.056
1005.0490000000001,176.2,-759.9,240.2,1.229,1.173,-1.208,1.056
1007.5590000000001,176.2,-759.9,240.2,1.229,1.173,-1.208,1.161
1009.1479999999999,176.2,-759.9,240.2,1.229,1.173,-1.208,1.161
1011.6840000000001,176.2,-759.9,240.2,1.229,1.173,-1.208,1.161
1013.673,176.2,-759.8,240.2,1.229,1.174,-1.208,1.125
1017.685,176.2,-759.8,240.2,1.229,1.174,-1.208,1.125
1020.67,176.2,-759.8,240.2,1.229,1.174,-1.208,1.125
1022.4340000000001,176.1,-759.7,240.2,1.229,1.174,-1.208,1.02
1024.434,176.1,-759.7,240.2,1.229,1.174,-1.208,1.02
1026.431,176.1,-759.7,240.2,1.229,1.174,-1.208,1.02
1028.471,176.1,-759.6,240.1,1.229,1.174,-1.208,1.161
1030.005,176.1,-759.6,240.1,1.229,1.174,-1.208,1.161
1032.009,176.1,-759.6,240.1,1.229,1.174,-1.208,1.161
1034.001,176.1,-759.6,240.1,1.229,1.174,-1.208,1.161
1036.017,176.1,-759.6,240.1,1.229,1.174,-1.208,1.161
1038.018,176.0,-759.6,240.1,1.229,1.174,-1.208,1.196
1040.491,176.0,-759.6,240.1,1.229,1.174,-1.208,1.196
1042.096,176.0,-759.6,240.1,1.229,1.174,-1.208,1.196
1044.094,176.0,-759.6,240.1,1.229,1.174,-1.208,1.196
1046.1100000000001,176.0,-759.5,240.0,1.229,1.174,-1.208,1.09
1048.615,176.0,-759.5,240.0,1.229,1.174,-1.208,1.09
1051.15,176.0,-759.5,240.0,1.229,1.174,-1.208,1.09
1053.155,176.0,-759.5,240.0,1.229,1.174,-1.208,1.09
1055.148,176.0,-759.5,240.0,1.229,1.174,-1.208,1.195
1057.15,176.0,-759.5,240.0,1.229,1.174,-1.208,1.195
1060.724,176.0,-759.5,240.0,1.229,1.174,-1.208,1.195
1063.232,176.0,-759.5,240.0,1.229,1.174,-1.208,1.16
1065.2489999999998,176.0,-759.5,240.0,1.229,1.174,-1.208,1.16
1068.766,176.0,-759.5,240.0,1.229,1.174,-1.208,1.16
1071.342,176.0,-759.5,240.0,1.229,1.174,-1.208,1.09
1075.3410000000001,176.0,-759.5,240.0,1.229,1.174,-1.208,1.09
1077.3410000000001,176.0,-759.5,240.0,1.229,1.174,-1.208,1.09
1080.67,176.0,-759.5,240.0,1.229,1.174,-1.208,1.196
1083.427,176.0,-759.5,240.0,1.229,1.174,-1.208,1.196
1085.427,176.0,-759.5,240.0,1.229,1.174,-1.208,1.196
1087.358,176.0,-759.5,240.0,1.229,1.174,-1.208,1.16
1091.01,176.0,-759.5,240.0,1.229,1.174,-1.208,1.16
1093.014,176.0,-759.5,240.0,1.229,1.174,-1.208,1.16
1095.0120000000002,176.0,-759.5,240.0,1.229,1.174,-1.208,1.16
1096.996,176.0,-759.5,240.0,1.229,1.174,-1.208,1.231
1099.064,176.0,-759.5,240.0,1.229,1.174,-1.208,1.231
1102.093,176.0,-759.5,240.0,1.229,1.174,-1.208,1.231
1104.19,176.0,-759.5,240.0,1.229,1.174,-1.208,1.16
1106.2060000000001,176.0,-759.5,240.0,1.229,1.174,-1.208,1.16
1108.2,176.0,-759.5,240.0,1.229,1.174,-1.208,1.16
1110.559,176.0,-759.5,240.0,1.229,1.174,-1.208,1.16
1114.548,176.0,-759.5,240.0,1.229,1.174,-1.208,1.16
1116.5449999999998,176.0,-759.5,240.0,1.229,1.174,-1.208,1.16
1119.6090000000002,176.0,-759.5,240.0,1.229,1.174,-1.208,1.16
1121.619,176.0,-759.5,240.0,1.229,1.174,-1.208,1.055
1123.635,176.0,-759.5,240.0,1.229,1.174,-1.208,1.055
1125.635,176.0,-759.5,240.0,1.229,1.174,-1.208,1.055
1128.16,176.0,-759.5,240.0,1.229,1.174,-1.208,1.055
1130.75,176.0,-759.5,240.0,1.229,1.174,-1.208,1.161
1133.753,176.0,-759.5,240.0,1.229,1.174,-1.208,1.161
1135.756,176.0,-759.5,240.0,1.229,1.174,-1.208,1.161
1138.291,176.0,-759.5,240.0,1.229,1.174,-1.208,1.407
1140.858,176.0,-759.5,240.0,1.229,1.174,-1.208,1.407
1142.858,176.0,-759.5,240.0,1.229,1.174,-1.208,1.407
1144.858,176.0,-759.5,240.0,1.229,1.174,-1.208,1.407
1146.8480000000002,176.0,-759.5,240.0,1.229,1.174,-1.208,1.125
1149.891,176.0,-759.5,240.0,1.229,1.174,-1.208,1.125
1152.501,176.0,-759.5,240.0,1.229,1.174,-1.208,1.125
1154.501,176.0,-759.5,240.0,1.229,1.174,-1.208,1.196
1156.49,176.0,-759.5,240.0,1.229,1.174,-1.208,1.196
1158.501,176.0,-759.5,240.0,1.229,1.174,-1.208,1.196
1160.561,176.0,-759.5,240.0,1.229,1.174,-1.208,1.196
1162.587,176.0,-759.5,240.0,1.229,1.174,-1.208,1.125
1164.577,176.0,-759.5,240.0,1.229,1.174,-1.208,1.125
1168.107,176.0,-759.5,240.0,1.229,1.174,-1.208,1.125
1170.714,176.0,-759.5,240.0,1.229,1.174,-1.208,1.125
1172.741,176.0,-759.5,240.0,1.229,1.174,-1.208,1.196
1174.741,176.0,-759.5,240.0,1.229,1.174,-1.208,1.196
1176.741,176.0,-759.5,240.0,1.229,1.174,-1.208,1.196
1178.2649999999999,176.0,-759.5,240.0,1.229,1.174,-1.208,1.301
1181.8310000000001,176.0,-759.5,240.0,1.229,1.174,-1.208,1.301
1183.8439999999998,176.0,-759.5,240.0,1.229,1.174,-1.208,1.301
1185.8439999999998,176.0,-759.5,240.0,1.229,1.174,-1.208,1.301
1188.356,176.0,-759.5,240.0,1.229,1.174,-1.208,1.196
1190.973,176.0,-759.5,240.0,1.229,1.174,-1.208,1.196
1193.316,176.0,-759.5,240.0,1.229,1.174,-1.208,1.196
1195.328,176.0,-759.5,240.0,1.229,1.174,-1.208,1.196
1197.313,176.0,-759.5,240.0,1.229,1.174,-1.208,1.196
1200.3509999999999,176.0,-759.5,240.0,1.229,1.174,-1.208,1.196
1204.581,176.0,-759.5,240.0,1.229,1.174,-1.208,1.196
1206.569,176.0,-759.5,240.0,1.229,1.174,-1.208,1.266
1210.696,176.0,-759.5,240.0,1.229,1.174,-1.208,1.266
1212.694,176.0,-759.5,240.0,1.229,1.174,-1.208,1.266
1214.716,176.0,-759.5,240.0,1.229,1.174,-1.208,1.266
1218.207,176.0,-759.5,240.0,1.229,1.174,-1.208,1.266
1220.572,176.0,-759.5,240.0,1.229,1.174,-1.208,1.16
1222.5710000000001,176.0,-759.5,240.0,1.229,1.174,-1.208,1.16
1224.5790000000002,176.0,-759.5,240.0,1.229,1.174,-1.208,1.16
1226.5839999999998,176.0,-759.5,240.0,1.229,1.174,-1.208,1.16
1229.137,176.0,-759.5,240.0,1.229,1.174,-1.208,1.125
1231.371,176.0,-759.5,240.0,1.229,1.174,-1.208,1.125
1234.364,176.0,-759.5,240.0,1.229,1.174,-1.208,1.125
1236.368,176.0,-759.5,240.0,1.229,1.174,-1.208,1.231
1238.519,176.0,-759.5,240.0,1.229,1.174,-1.208,1.231
1241.069,176.0,-759.5,240.0,1.229,1.174,-1.208,1.231
1243.061,176.0,-759.5,240.0,1.229,1.174,-1.208,1.231
1245.069,176.0,-759.5,240.0,1.229,1.174,-1.208,1.125
1248.117,176.0,-759.5,240.0,1.229,1.174,-1.208,1.125
1252.684,176.0,-759.5,240.0,1.229,1.174,-1.208,1.125
1254.6889999999999,176.0,-759.5,240.0,1.229,1.174,-1.208,1.055
1257.296,176.0,-759.5,240.0,1.229,1.174,-1.208,1.055
1260.928,176.0,-759.5,240.0,1.229,1.174,-1.208,1.055
1262.928,176.0,-759.5,240.0,1.229,1.174,-1.208,1.055
1264.912,176.0,-759.5,240.0,1.229,1.174,-1.208,1.196
1266.9299999999998,176.0,-759.5,240.0,1.229,1.174,-1.208,1.196
1268.989,176.0,-759.5,240.0,1.229,1.174,-1.208,1.196
1271.5620000000001,176.0,-759.5,240.0,1.229,1.174,-1.208,1.196
1273.5639999999999,176.0,-759.5,240.0,1.229,1.174,-1.208,1.196
1275.563,176.0,-759.5,240.0,1.229,1.174,-1.208,1.196
1278.086,176.0,-759.5,240.0,1.229,1.174,-1.208,1.196
1280.662,176.0,-759.5,240.0,1.229,1.174,-1.208,1.125
1282.68,176.0,-759.5,240.0,1.229,1.174,-1.208,1.125
1284.661,176.0,-759.5,240.0,1.229,1.174,-1.208,1.125
1286.6770000000001,176.0,-759.5,240.0,1.229,1.174,-1.208,1.125
1289.7369999999999,176.0,-759.5,240.0,1.229,1.174,-1.208,1.196
1291.763,176.0,-759.5,240.0,1.229,1.174,-1.208,1.196
1293.763,176.0,-759.5,240.0,1.229,1.174,-1.208,1.196
1295.763,176.0,-759.5,240.0,1.229,1.174,-1.208,1.196
1298.327,176.0,-759.5,240.0,1.229,1.174,-1.208,1.09
1301.031,176.0,-759.5,240.0,1.229,1.174,-1.208,1.09
1303.032,176.0,-759.5,240.0,1.229,1.174,-1.208,1.09
1305.024,176.0,-759.5,240.0,1.229,1.174,-1.208,1.09
1307.032,176.0,-759.5,240.0,1.229,1.174,-1.208,1.231
1308.556,176.0,-759.5,240.0,1.229,1.174,-1.208,1.231
1311.691,176.0,-759.5,240.0,1.229,1.174,-1.208,1.231
1313.6699999999998,176.0,-759.5,240.0,1.229,1.174,-1.208,1.09
1316.6789999999999,176.0,-759.5,240.0,1.229,1.174,-1.208,1.09
1319.724,176.0,-759.5,240.0,1.229,1.174,-1.208,1.09
1321.194,176.0,-759.5,240.0,1.229,1.174,-1.208,1.09
1323.403,176.0,-759.5,240.0,1.229,1.174,-1.208,1.231
1325.407,176.0,-759.5,240.0,1.229,1.174,-1.208,1.231
1327.404,176.0,-759.5,240.0,1.229,1.174,-1.208,1.231
1330.471,176.0,-759.5,240.0,1.229,1.174,-1.208,1.231
1333.4969999999998,176.0,-759.5,240.0,1.229,1.174,-1.208,1.125
1335.484,176.0,-759.5,240.0,1.229,1.174,-1.208,1.125
1339.035,176.0,-759.5,240.0,1.229,1.174,-1.208,1.125
1341.586,176.0,-759.5,240.0,1.229,1.174,-1.208,1.09
1343.5900000000001,176.0,-759.5,240.0,1.229,1.174,-1.208,1.09
1348.0829999999999,176.0,-759.5,240.0,1.229,1.174,-1.208,1.09
1350.866,176.0,-759.5,240.0,1.229,1.174,-1.208,1.16
1352.88,176.0,-759.5,240.0,1.229,1.174,-1.208,1.16
1354.883,176.0,-759.5,240.0,1.229,1.174,-1.208,1.16
1356.8960000000002,176.0,-759.5,240.0,1.229,1.174,-1.208,1.231
1359.994,176.0,-759.5,240.0,1.229,1.174,-1.208,1.231
1361.9950000000001,176.0,-759.5,240.0,1.229,1.174,-1.208,1.231
1365.145,176.0,-759.5,240.0,1.229,1.174,-1.208,1.16
1367.1390000000001,176.0,-759.5,240.0,1.229,1.174,-1.208,1.16
1369.3329999999999,176.0,-759.5,240.0,1.229,1.174,-1.208,1.16
1373.519,176.0,-759.5,240.0,1.229,1.174,-1.208,1.16
1375.519,176.0,-759.5,240.0,1.229,1.174,-1.208,1.231
1379.026,176.0,-759.5,240.0,1.229,1.174,-1.208,1.231
1382.555,176.0,-759.5,240.0,1.229,1.174,-1.208,1.09
1384.586,176.0,-759.5,240.0,1.229,1.174,-1.208,1.09
1386.569,176.0,-759.5,240.0,1.229,1.174,-1.208,1.09
1388.095,176.0,-759.5,240.0,1.229,1.174,-1.208,1.09
1390.318,176.0,-759.5,240.0,1.229,1.174,-1.208,1.09
1392.318,176.0,-759.5,240.0,1.229,1.174,-1.208,1.09
1394.414,176.0,-759.5,240.0,1.229,1.174,-1.208,1.09
1396.4270000000001,176.0,-759.5,240.0,1.229,1.174,-1.208,1.09
1398.926,176.0,-759.5,240.0,1.229,1.174,-1.208,1.055
1403.45,176.0,-759.5,240.0,1.229,1.174,-1.208,1.055
1405.4789999999998,176.0,-759.5,240.0,1.229,1.174,-1.208,1.125
1407.477,176.0,-759.5,240.0,1.229,1.174,-1.208,1.125
1409.003,176.0,-759.5,240.0,1.229,1.174,-1.208,1.125
1411.031,176.0,-759.5,240.0,1.229,1.174,-1.208,1.125
1413.543,176.0,-759.5,240.0,1.229,1.174,-1.208,1.125
1418.1090000000002,176.0,-759.5,240.0,1.229,1.174,-1.208,1.16
1420.655,176.0,-759.5,240.0,1.229,1.174,-1.208,1.16
1422.4920000000002,176.0,-759.5,240.0,1.229,1.174,-1.208,1.09
1425.027,176.0,-759.5,240.0,1.229,1.174,-1.208,1.09
1427.027,176.0,-759.5,240.0,1.229,1.174,-1.208,1.09
1429.1370000000002,176.0,-759.5,240.0,1.229,1.174,-1.208,1.09
1430.907,176.0,-759.5,240.0,1.229,1.174,-1.208,1.196
1432.9099999999999,176.0,-759.5,240.0,1.229,1.174,-1.208,1.196
1438.439,176.0,-759.5,240.0,1.229,1.174,-1.208,1.196
1442.979,176.0,-759.5,240.0,1.229,1.174,-1.208,1.09
1460.65,176.0,-759.5,240.0,1.229,1.174,-1.208,1.09
1471.714,176.0,-759.5,240.0,1.229,1.174,-1.208,1.055
1484.78,176.0,-759.5,240.0,1.229,1.174,-1.208,1.196
1490.346,176.0,-759.5,240.0,1.229,1.174,-1.208,1.09
1492.357,176.0,-759.5,240.0,1.229,1.174,-1.208,1.055
1494.359,176.0,-759.5,240.0,1.229,1.174,-1.208,1.055
1496.359,176.0,-759.5,240.0,1.229,1.174,-1.208,1.055
1498.361,176.0,-759.5,240.0,1.229,1.174,-1.208,1.125
1500.7379999999998,176.0,-759.5,240.0,1.229,1.174,-1.208,1.125
1502.7630000000001,176.0,-759.5,240.0,1.229,1.174,-1.208,1.125
1518.9470000000001,176.0,-759.5,240.0,1.229,1.174,-1.208,1.125
1524.975,176.0,-759.5,240.0,1.229,1.174,-1.208,1.196
1532.0549999999998,176.0,-759.5,240.0,1.229,1.174,-1.208,0.985
1534.048,176.0,-759.5,240.0,1.229,1.174,-1.208,1.161
1539.6799999999998,176.0,-759.5,240.0,1.229,1.174,-1.208,1.161
1541.693,176.0,-759.5,240.0,1.229,1.174,-1.208,1.125
1543.6970000000001,176.0,-759.5,240.0,1.229,1.174,-1.208,1.125
1545.694,176.0,-759.5,240.0,1.229,1.174,-1.208,1.125
1548.221,176.0,-759.5,240.0,1.229,1.174,-1.208,1.125
1550.6789999999999,176.0,-759.5,240.0,1.229,1.174,-1.208,1.09
1552.292,176.0,-759.5,240.0,1.229,1.174,-1.208,1.09
1554.2990000000002,176.0,-759.5,240.0,1.229,1.174,-1.208,1.09
1556.292,176.0,-759.5,240.0,1.229,1.174,-1.208,1.09
1558.2879999999998,176.0,-759.5,240.0,1.229,1.174,-1.208,1.055
1560.402,176.0,-759.5,240.0,1.229,1.174,-1.208,1.055
1562.417,176.0,-759.5,240.0,1.229,1.174,-1.208,1.055
1564.4180000000001,176.0,-759.5,240.0,1.229,1.174,-1.208,1.055
1568.929,176.0,-759.5,240.0,1.229,1.174,-1.208,1.125
1570.643,176.0,-759.5,240.0,1.229,1.174,-1.208,1.125
1572.657,176.0,-759.5,240.0,1.229,1.174,-1.208,1.125
1576.657,176.0,-759.5,240.0,1.229,1.174,-1.208,1.196
1578.17,176.0,-759.5,240.0,1.229,1.174,-1.208,1.196
1580.86,176.0,-759.5,240.0,1.229,1.174,-1.208,1.196
1582.8770000000002,176.0,-759.5,240.0,1.229,1.174,-1.208,1.125
1584.873,176.0,-759.5,240.0,1.229,1.174,-1.208,1.125
1586.87,176.0,-759.5,240.0,1.229,1.174,-1.208,1.125
1590.31,176.0,-759.5,240.0,1.229,1.174,-1.208,1.125
1591.8419999999999,176.0,-759.5,240.0,1.229,1.174,-1.208,1.266
1593.8490000000002,176.0,-759.5,240.0,1.229,1.174,-1.208,1.266
1595.855,176.0,-759.5,240.0,1.229,1.174,-1.208,1.266
1598.371,176.0,-759.5,240.0,1.229,1.174,-1.208,1.266
1601.698,176.0,-759.5,240.0,1.229,1.174,-1.208,1.231
1603.716,176.0,-759.5,240.0,1.229,1.174,-1.208,1.231
1605.715,176.0,-759.5,240.0,1.229,1.174,-1.208,1.231
1608.2430000000002,176.0,-759.5,240.0,1.229,1.174,-1.208,1.301
1610.609,176.0,-759.5,240.0,1.229,1.174,-1.208,1.301
1612.1209999999999,176.0,-759.5,240.0,1.229,1.174,-1.208,1.301
1614.133,176.0,-759.5,240.0,1.229,1.174,-1.208,1.301
1616.1380000000001,176.0,-759.5,240.0,1.229,1.174,-1.208,1.125
1618.136,176.0,-759.5,240.0,1.229,1.174,-1.208,1.125
1619.981,176.0,-759.5,240.0,1.229,1.174,-1.208,1.125
1622.49,176.0,-759.5,240.0,1.229,1.174,-1.208,1.125
1624.501,176.0,-759.5,240.0,1.229,1.174,-1.208,1.196
1626.506,176.0,-759.5,240.0,1.229,1.174,-1.208,1.196
1628.5,176.0,-759.5,240.0,1.229,1.174,-1.208,1.196
1630.02,176.0,-759.5,240.0,1.229,1.174,-1.208,1.196
1633.022,176.0,-759.5,240.0,1.229,1.174,-1.208,1.196
1637.4379999999999,176.0,-759.5,240.0,1.229,1.174,-1.208,1.196
1638.944,176.0,-759.5,240.0,1.229,1.174,-1.208,1.196
1640.9560000000001,176.0,-759.5,240.0,1.229,1.174,-1.208,1.125
1643.473,176.0,-759.5,240.0,1.229,1.174,-1.208,1.125
1645.513,176.0,-759.5,240.0,1.229,1.174,-1.208,1.125
1649.004,176.0,-759.5,240.0,1.229,1.174,-1.208,1.266
1651.0320000000002,176.0,-759.5,240.0,1.229,1.174,-1.208,1.266
1653.557,176.0,-759.5,240.0,1.229,1.174,-1.208,1.266
1655.5839999999998,176.0,-759.5,240.0,1.229,1.174,-1.208,1.09
1658.108,176.0,-759.5,240.0,1.229,1.174,-1.208,1.09
1660.504,176.0,-759.5,240.0,1.229,1.174,-1.208,1.09
1664.049,176.0,-759.5,240.0,1.229,1.174,-1.208,1.09
1668.082,176.0,-759.5,240.0,1.229,1.174,-1.208,1.09
1671.759,176.0,-759.5,240.0,1.229,1.174,-1.208,1.09
1673.772,176.0,-759.5,240.0,1.229,1.174,-1.208,1.196
1675.773,176.0,-759.5,240.0,1.229,1.174,-1.208,1.196
1679.126,176.0,-759.5,240.0,1.229,1.174,-1.208,1.196
1681.14,176.0,-759.5,240.0,1.229,1.174,-1.208,1.195
1684.137,176.0,-759.5,240.0,1.229,1.174,-1.208,1.195
1686.135,176.0,-759.5,240.0,1.229,1.174,-1.208,1.195
1688.321,176.0,-759.5,240.0,1.229,1.174,-1.208,1.231
1690.124,176.0,-759.5,240.0,1.229,1.174,-1.208,1.231
1692.123,176.0,-759.5,240.0,1.229,1.174,-1.208,1.231
1694.138,176.0,-759.5,240.0,1.229,1.174,-1.208,1.231
1696.645,176.0,-759.5,240.0,1.229,1.174,-1.208,1.23
1699.726,176.0,-759.5,240.0,1.229,1.174,-1.208,1.23
1701.7530000000002,176.0,-759.5,240.0,1.229,1.174,-1.208,1.23
1703.7530000000002,176.0,-759.5,240.0,1.229,1.174,-1.208,1.195
1705.735,176.0,-759.5,240.0,1.229,1.174,-1.208,1.195
1708.255,176.0,-759.5,240.0,1.229,1.174,-1.208,1.195
1710.311,176.0,-759.5,240.0,1.229,1.174,-1.208,1.195
1712.311,176.0,-759.5,240.0,1.229,1.174,-1.208,1.195
1715.2959999999998,176.0,-759.5,240.0,1.229,1.174,-1.208,1.195
1717.529,176.0,-759.5,240.0,1.229,1.174,-1.208,1.195
1720.606,176.0,-759.5,240.0,1.229,1.174,-1.208,1.195
1722.61,176.0,-759.5,240.0,1.229,1.174,-1.208,1.161
1724.6109999999999,176.0,-759.5,240.0,1.229,1.174,-1.208,1.161
1726.613,176.0,-759.5,240.0,1.229,1.174,-1.208,1.161
1729.148,176.0,-759.5,240.0,1.229,1.174,-1.208,1.125
1731.577,176.0,-759.5,240.0,1.229,1.174,-1.208,1.125
1735.589,176.0,-759.5,240.0,1.229,1.174,-1.208,1.125
1738.0990000000002,176.0,-759.5,240.0,1.229,1.174,-1.208,1.231
1740.7520000000002,176.0,-759.5,240.0,1.229,1.174,-1.208,1.231
1742.653,176.0,-759.5,240.0,1.229,1.174,-1.208,1.231
1744.654,176.0,-759.5,240.0,1.229,1.174,-1.208,1.196
1746.654,176.0,-759.5,240.0,1.229,1.174,-1.208,1.196
1749.198,176.0,-759.5,240.0,1.229,1.174,-1.208,1.196
1751.708,176.0,-759.5,240.0,1.229,1.174,-1.208,1.196
1753.708,176.0,-759.5,240.0,1.229,1.174,-1.208,1.125
1755.698,176.0,-759.5,240.0,1.229,1.174,-1.208,1.125
1758.207,176.0,-759.5,240.0,1.229,1.174,-1.208,1.125
1761.302,176.0,-759.5,240.0,1.229,1.174,-1.208,1.125
1764.3020000000001,176.0,-759.5,240.0,1.229,1.174,-1.208,1.196
1766.3020000000001,176.0,-759.5,240.0,1.229,1.174,-1.208,1.196
1768.315,176.0,-759.5,240.0,1.229,1.174,-1.208,1.196
1770.751,176.0,-759.5,240.0,1.229,1.174,-1.208,1.161
1772.75,176.0,-759.5,240.0,1.229,1.174,-1.208,1.161
1776.735,176.0,-759.5,240.0,1.229,1.174,-1.208,1.161
1780.789,176.0,-759.5,240.0,1.229,1.174,-1.208,1.16
1782.798,176.0,-759.5,240.0,1.229,1.174,-1.208,1.16
1784.8,176.0,-759.5,240.0,1.229,1.174,-1.208,1.16
1786.804,176.0,-759.5,240.0,1.229,1.174,-1.208,1.16
1788.331,176.0,-759.5,240.0,1.229,1.174,-1.208,1.161
1790.649,176.0,-759.5,240.0,1.229,1.174,-1.208,1.161
1793.105,176.0,-759.5,240.0,1.229,1.174,-1.208,1.161
1795.089,176.0,-759.5,240.0,1.229,1.174,-1.208,1.161
1797.0900000000001,176.0,-759.5,240.0,1.229,1.174,-1.208,1.161
1800.14,176.0,-759.5,240.0,1.229,1.174,-1.208,1.161
1802.673,176.0,-759.5,240.0,1.229,1.174,-1.208,1.161
1804.6819999999998,176.0,-759.5,240.0,1.229,1.174,-1.208,1.125
1806.667,176.0,-759.5,240.0,1.229,1.174,-1.208,1.125
1808.181,176.0,-759.5,240.0,1.229,1.174,-1.208,1.125
1810.7150000000001,176.0,-759.5,240.0,1.229,1.174,-1.208,1.125
1813.245,176.0,-759.5,240.0,1.229,1.174,-1.208,1.055
1815.26,176.0,-759.5,240.0,1.229,1.174,-1.208,1.055
1819.345,176.0,-759.5,240.0,1.229,1.174,-1.208,1.055
1821.3729999999998,176.0,-759.5,240.0,1.229,1.174,-1.208,1.196
1823.372,176.0,-759.5,240.0,1.229,1.174,-1.208,1.196
1825.7250000000001,176.0,-759.5,240.0,1.229,1.174,-1.208,1.196
1828.249,176.0,-759.5,240.0,1.229,1.174,-1.208,1.196
1830.639,176.0,-759.5,240.0,1.229,1.174,-1.208,1.231
1833.928,176.0,-759.5,240.0,1.229,1.174,-1.208,1.231
1835.901,176.0,-759.5,240.0,1.229,1.174,-1.208,1.231
1838.398,176.0,-759.5,240.0,1.229,1.174,-1.208,1.231
1839.956,176.0,-759.5,240.0,1.229,1.174,-1.208,1.231
1841.956,176.0,-759.5,240.0,1.229,1.174,-1.208,1.231
1843.944,176.0,-759.5,240.0,1.229,1.174,-1.208,1.231
1847.481,176.0,-759.5,240.0,1.229,1.174,-1.208,1.231
1851.058,176.0,-759.5,240.0,1.229,1.174,-1.208,1.231
1853.059,176.0,-759.5,240.0,1.229,1.174,-1.208,1.231
1855.57,176.0,-759.5,240.0,1.229,1.174,-1.208,1.266
1858.106,176.0,-759.5,240.0,1.229,1.174,-1.208,1.266
1860.5069999999998,176.0,-759.5,240.0,1.229,1.174,-1.208,1.266
1862.508,176.0,-759.5,240.0,1.229,1.174,-1.208,1.196
1867.045,176.0,-759.5,240.0,1.229,1.174,-1.208,1.196
1869.0690000000002,176.0,-759.5,240.0,1.229,1.174,-1.208,1.196
1871.1390000000001,176.0,-759.5,240.0,1.229,1.174,-1.208,1.09
1875.156,176.0,-759.5,240.0,1.229,1.174,-1.208,1.09
1877.153,176.0,-759.5,240.0,1.229,1.174,-1.208,1.09
1880.222,176.0,-759.5,240.0,1.229,1.174,-1.208,1.09
1882.733,176.0,-759.5,240.0,1.229,1.174,-1.208,1.09
1884.748,176.0,-759.5,240.0,1.229,1.174,-1.208,1.09
1886.761,176.0,-759.5,240.0,1.229,1.174,-1.208,1.161
1890.628,176.0,-759.5,240.0,1.229,1.174,-1.208,1.161
1892.4099999999999,176.0,-759.5,240.0,1.229,1.174,-1.208,1.161
1894.5430000000001,176.0,-759.5,240.0,1.229,1.174,-1.208,1.161
1896.527,176.0,-759.5,240.0,1.229,1.174,-1.208,1.196
1899.581,176.0,-759.5,240.0,1.229,1.174,-1.208,1.196
1901.607,176.0,-759.5,240.0,1.229,1.174,-1.208,1.196
1903.6,176.0,-759.5,240.0,1.229,1.174,-1.208,1.125
1905.909,176.0,-759.5,240.0,1.229,1.174,-1.208,1.125
1908.434,176.0,-759.5,240.0,1.229,1.174,-1.208,1.125
1911.665,176.0,-759.5,240.0,1.229,1.174,-1.208,1.125
1913.668,176.0,-759.5,240.0,1.229,1.174,-1.208,1.231
1916.032,176.0,-759.5,240.0,1.229,1.174,-1.208,1.231
1918.535,176.0,-759.5,240.0,1.229,1.174,-1.208,1.231
1921.1039999999998,176.0,-759.5,240.0,1.229,1.174,-1.208,1.125
1925.354,176.0,-759.5,240.0,1.229,1.174,-1.208,1.125
1929.387,176.0,-759.5,240.0,1.229,1.174,-1.208,1.09
1931.404,176.0,-759.5,240.0,1.229,1.174,-1.208,1.09
1933.417,176.0,-759.5,240.0,1.229,1.174,-1.208,1.09
1935.493,176.0,-759.5,240.0,1.229,1.174,-1.208,1.125
1937.493,176.0,-759.5,240.0,1.229,1.174,-1.208,1.125
1939.001,176.0,-759.5,240.0,1.229,1.174,-1.208,1.125
1941.027,176.0,-759.5,240.0,1.229,1.174,-1.208,1.125
1943.027,176.0,-759.5,240.0,1.229,1.174,-1.208,1.161
1946.579,176.0,-759.5,240.0,1.229,1.174,-1.208,1.161
1949.141,176.0,-759.5,240.0,1.229,1.174,-1.208,1.161
1951.614,176.0,-759.5,240.0,1.229,1.174,-1.208,1.055
1953.6109999999999,176.0,-759.5,240.0,1.229,1.174,-1.208,1.055
1956.168,176.0,-759.5,240.0,1.229,1.174,-1.208,1.055
1958.17,176.0,-759.5,240.0,1.229,1.174,-1.208,1.055
1960.0310000000002,176.0,-759.5,240.0,1.229,1.174,-1.208,1.16
1962.0310000000002,176.0,-759.5,240.0,1.229,1.174,-1.208,1.16
1964.016,176.0,-759.5,240.0,1.229,1.174,-1.208,1.16
1966.397,176.0,-759.5,240.0,1.229,1.174,-1.208,1.16
1968.3919999999998,176.0,-759.5,240.0,1.229,1.174,-1.208,1.125
1970.207,176.0,-759.5,240.0,1.229,1.174,-1.208,1.125
1972.44,176.0,-759.5,240.0,1.229,1.174,-1.208,1.125
1974.426,176.0,-759.5,240.0,1.229,1.174,-1.208,1.125
1976.688,176.0,-759.5,240.0,1.229,1.174,-1.208,1.16
1980.7189999999998,176.0,-759.5,240.0,1.229,1.174,-1.208,1.16
1984.448,176.0,-759.5,240.0,1.229,1.174,-1.208,1.16
1986.968,176.0,-759.5,240.0,1.229,1.174,-1.208,1.231
1990.058,176.0,-759.5,240.0,1.229,1.174,-1.208,1.231
1992.0430000000001,176.0,-759.5,240.0,1.229,1.174,-1.208,1.125
1994.041,176.0,-759.5,240.0,1.229,1.174,-1.208,1.125
1996.057,176.0,-759.5,240.0,1.229,1.174,-1.208,1.125
1998.367,176.0,-759.5,240.0,1.229,1.174,-1.208,1.125
2001.0370000000003,176.0,-759.5,240.0,1.229,1.174,-1.208,1.161
2003.047,176.0,-759.5,240.0,1.229,1.174,-1.208,1.161
2005.0469999999998,176.0,-759.5,240.0,1.229,1.174,-1.208,1.161
2008.1299999999999,176.0,-759.5,240.0,1.229,1.174,-1.208,1.161
2010.3749999999998,176.0,-759.5,240.0,1.229,1.174,-1.208,1.195
2012.359,176.0,-759.5,240.0,1.229,1.174,-1.208,1.195
2014.3629999999998,176.0,-759.5,240.0,1.229,1.174,-1.208,1.195
2016.937,176.0,-759.5,240.0,1.229,1.174,-1.208,1.195
2019.012,176.0,-759.5,240.0,1.229,1.174,-1.208,1.091
2021.0430000000001,176.0,-759.5,240.0,1.229,1.174,-1.208,1.091
2023.0389999999998,176.0,-759.5,240.0,1.229,1.174,-1.208,1.091
2025.0400000000002,176.0,-759.5,240.0,1.229,1.174,-1.208,1.091
2027.038,176.0,-759.5,240.0,1.229,1.174,-1.208,1.09
2029.258,176.0,-759.5,240.0,1.229,1.174,-1.208,1.09
2031.2749999999999,176.0,-759.5,240.0,1.229,1.174,-1.208,1.09
2035.2679999999998,176.0,-759.5,240.0,1.229,1.174,-1.208,1.09
2037.2849999999999,176.0,-759.5,240.0,1.229,1.174,-1.208,1.231
2040.3500000000001,176.0,-759.5,240.0,1.229,1.174,-1.208,1.231
2042.366,176.0,-759.5,240.0,1.229,1.174,-1.208,1.231
2044.3669999999997,176.0,-759.5,240.0,1.229,1.174,-1.208,1.161
2046.367,176.0,-759.5,240.0,1.229,1.174,-1.208,1.161
2049.384,176.0,-759.5,240.0,1.229,1.174,-1.208,1.161
2051.413,176.0,-759.5,240.0,1.229,1.174,-1.208,1.161
2053.401,176.0,-759.5,240.0,1.229,1.174,-1.208,1.125
2057.413,176.0,-759.5,240.0,1.229,1.174,-1.208,1.125
2060.2619999999997,176.0,-759.5,240.0,1.229,1.174,-1.208,1.125
2062.234,176.0,-759.5,240.0,1.229,1.174,-1.208,1.125
2064.2200000000003,176.0,-759.5,240.0,1.229,1.174,-1.208,1.125
2067.235,176.0,-759.5,240.0,1.229,1.174,-1.208,1.125
2069.275,176.0,-759.5,240.0,1.229,1.174,-1.208,1.266
2071.846,176.0,-759.5,240.0,1.229,1.174,-1.208,1.266
2073.847,176.0,-759.5,240.0,1.229,1.174,-1.208,1.266
2075.847,176.0,-759.5,240.0,1.229,1.174,-1.208,1.266
2078.3830000000003,176.0,-759.5,240.0,1.229,1.174,-1.208,1.231
2081.6400000000003,176.0,-759.5,240.0,1.229,1.174,-1.208,1.231
2083.648,176.0,-759.5,240.0,1.229,1.174,-1.208,1.231
2085.648,176.0,-759.5,240.0,1.229,1.174,-1.208,1.125
2088.1859999999997,176.0,-759.5,240.0,1.229,1.174,-1.208,1.125
2090.286,176.0,-759.5,240.0,1.229,1.174,-1.208,1.125
2091.936,176.0,-759.5,240.0,1.229,1.174,-1.208,1.125
2093.962,176.0,-759.5,240.0,1.229,1.174,-1.208,1.231
2095.962,176.0,-759.5,240.0,1.229,1.174,-1.208,1.231
2098.482,176.0,-759.5,240.0,1.229,1.174,-1.208,1.231
2100.058,176.0,-759.5,240.0,1.229,1.174,-1.208,1.231
2102.047,176.0,-759.5,240.0,1.229,1.174,-1.208,1.16
2104.573,176.0,-759.5,240.0,1.229,1.174,-1.208,1.16
2106.575,176.0,-759.5,240.0,1.229,1.174,-1.208,1.16
2109.61,176.0,-759.5,240.0,1.229,1.174,-1.208,1.16
2111.624,176.0,-759.5,240.0,1.229,1.174,-1.208,1.196
2114.16,176.0,-759.5,240.0,1.229,1.174,-1.208,1.196
2117.175,176.0,-759.5,240.0,1.229,1.174,-1.208,1.196
2119.29,176.0,-759.5,240.0,1.229,1.174,-1.208,1.231
2121.301,176.0,-759.5,240.0,1.229,1.174,-1.208,1.231
2123.316,176.0,-759.5,240.0,1.229,1.174,-1.208,1.231
2125.5860000000002,176.0,-759.5,240.0,1.229,1.174,-1.208,1.231
2128.1,176.0,-759.5,240.0,1.229,1.174,-1.208,1.231
2130.535,176.0,-759.5,240.0,1.229,1.174,-1.208,1.231
2133.7549999999997,176.0,-759.5,240.0,1.229,1.174,-1.208,1.231
2135.7819999999997,176.0,-759.5,240.0,1.229,1.174,-1.208,1.125
2138.306,176.0,-759.5,240.0,1.229,1.174,-1.208,1.125
2140.5080000000003,176.0,-759.5,240.0,1.229,1.174,-1.208,1.125
2142.5299999999997,176.0,-759.5,240.0,1.229,1.174,-1.208,1.125
2145.049,176.0,-759.5,240.0,1.229,1.174,-1.208,1.161
2148.935,176.0,-759.5,240.0,1.229,1.174,-1.208,1.161
2151.967,176.0,-759.5,240.0,1.229,1.174,-1.208,1.161
2154.457,176.0,-759.5,240.0,1.229,1.174,-1.208,1.125
2156.484,176.0,-759.5,240.0,1.229,1.174,-1.208,1.125
2158.47,176.0,-759.5,240.0,1.229,1.174,-1.208,1.125
2161.008,176.0,-759.5,240.0,1.229,1.174,-1.208,1.196
2163.02,176.0,-759.5,240.0,1.229,1.174,-1.208,1.196
2166.566,176.0,-759.5,240.0,1.229,1.174,-1.208,1.196
2169.116,176.0,-759.5,240.0,1.229,1.174,-1.208,1.09
2173.3790000000004,176.0,-759.5,240.0,1.229,1.174,-1.208,1.09
2175.9,176.0,-759.5,240.0,1.229,1.174,-1.208,1.09
2178.427,176.0,-759.5,240.0,1.229,1.174,-1.208,1.196
2179.98,176.0,-759.5,240.0,1.229,1.174,-1.208,1.196
2181.98,176.0,-759.5,240.0,1.229,1.174,-1.208,1.196
2186.2200000000003,176.0,-759.5,240.0,1.229,1.174,-1.208,1.196
2189.362,176.0,-759.5,240.0,1.229,1.174,-1.208,1.196
2191.389,176.0,-759.5,240.0,1.229,1.174,-1.208,1.196
2193.3889999999997,176.0,-759.5,240.0,1.229,1.174,-1.208,1.196
2195.389,176.0,-759.5,240.0,1.229,1.174,-1.208,1.161
2197.527,176.0,-759.5,240.0,1.229,1.174,-1.208,1.161
2201.0860000000002,176.0,-759.5,240.0,1.229,1.174,-1.208,1.161
2203.086,176.0,-759.5,240.0,1.229,1.174,-1.208,1.161
2205.596,176.0,-759.5,240.0,1.229,1.174,-1.208,1.161
2208.1330000000003,176.0,-759.5,240.0,1.229,1.174,-1.208,1.161
2210.2650000000003,176.0,-759.5,240.0,1.229,1.174,-1.208,1.161
2212.265,176.0,-759.5,240.0,1.229,1.174,-1.208,1.161
2214.257,176.0,-759.5,240.0,1.229,1.174,-1.208,1.161
2216.801,176.0,-759.5,240.0,1.229,1.174,-1.208,1.161
2219.3540000000003,176.0,-759.5,240.0,1.229,1.174,-1.208,1.196
2221.5660000000003,176.0,-759.5,240.0,1.229,1.174,-1.208,1.196
2223.566,176.0,-759.5,240.0,1.229,1.174,-1.208,1.196
2226.082,176.0,-759.5,240.0,1.229,1.174,-1.208,1.196
2228.108,176.0,-759.5,240.0,1.229,1.174,-1.208,1.161
2230.769,176.0,-759.5,240.0,1.229,1.174,-1.208,1.161
2234.427,176.0,-759.5,240.0,1.229,1.174,-1.208,1.161
2236.438,176.0,-759.5,240.0,1.229,1.174,-1.208,1.231
2240.565,176.0,-759.5,240.0,1.229,1.174,-1.208,1.231
2244.577,176.0,-759.5,240.0,1.229,1.174,-1.208,1.231
2247.067,176.0,-759.5,240.0,1.229,1.174,-1.208,1.126
2249.6139999999996,176.0,-759.5,240.0,1.229,1.174,-1.208,1.126
2251.642,176.0,-759.5,240.0,1.229,1.174,-1.208,1.126
2253.641,176.0,-759.5,240.0,1.229,1.174,-1.208,1.125
2255.6409999999996,176.0,-759.5,240.0,1.229,1.174,-1.208,1.125
2259.309,176.0,-759.5,240.0,1.229,1.174,-1.208,1.125
2261.319,176.0,-759.5,240.0,1.229,1.174,-1.208,1.16
2266.326,176.0,-759.5,240.0,1.229,1.174,-1.208,1.16
2269.383,176.0,-759.5,240.0,1.229,1.174,-1.208,1.16
2271.567,176.0,-759.5,240.0,1.229,1.174,-1.208,1.055
2273.567,176.0,-759.5,240.0,1.229,1.174,-1.208,1.055
2275.567,176.0,-759.5,240.0,1.229,1.174,-1.208,1.055
2277.5530000000003,176.0,-759.5,240.0,1.229,1.174,-1.208,1.231
2280.296,176.0,-759.5,240.0,1.229,1.174,-1.208,1.231
2282.9799999999996,176.0,-759.5,240.0,1.229,1.174,-1.208,1.231
2284.978,176.0,-759.5,240.0,1.229,1.174,-1.208,1.231
2286.978,176.0,-759.5,240.0,1.229,1.174,-1.208,1.125
2288.514,176.0,-759.5,240.0,1.229,1.174,-1.208,1.125
2290.0710000000004,176.0,-759.5,240.0,1.229,1.174,-1.208,1.125
2292.0699999999997,176.0,-759.5,240.0,1.229,1.174,-1.208,1.125
2294.053,176.0,-759.5,240.0,1.229,1.174,-1.208,1.125
2296.063,176.0,-759.5,240.0,1.229,1.174,-1.208,1.125
2298.077,176.0,-759.5,240.0,1.229,1.174,-1.208,1.125
2300.408,176.0,-759.5,240.0,1.229,1.174,-1.208,1.125
2302.406,176.0,-759.5,240.0,1.229,1.174,-1.208,1.125
2304.406,176.0,-759.5,240.0,1.229,1.174,-1.208,1.16
2306.4049999999997,176.0,-759.5,240.0,1.229,1.174,-1.208,1.16
2308.389,176.0,-759.5,240.0,1.229,1.174,-1.208,1.16
2312.172,176.0,-759.5,240.0,1.229,1.174,-1.208,1.16
2314.158,176.0,-759.5,240.0,1.229,1.174,-1.208,1.16
2316.1589999999997,176.0,-759.5,240.0,1.229,1.174,-1.208,1.16
2320.2189999999996,176.0,-759.5,240.0,1.229,1.174,-1.208,1.16
2324.236,176.0,-759.5,240.0,1.229,1.174,-1.208,1.196
2327.233,176.0,-759.5,240.0,1.229,1.174,-1.208,1.196
2337.2999999999997,176.0,-759.5,240.0,1.229,1.174,-1.208,1.266
2345.346,176.0,-759.5,240.0,1.229,1.174,-1.208,1.125
2349.377,176.0,-759.5,240.0,1.229,1.174,-1.208,1.196
2356.409,176.0,-759.5,240.0,1.229,1.174,-1.208,1.196
2358.992,176.0,-759.5,240.0,1.229,1.174,-1.208,1.196
2363.9519999999998,176.0,-759.5,240.0,1.229,1.174,-1.208,1.16
2370.5370000000003,176.0,-759.5,240.0,1.229,1.174,-1.208,1.16
2373.558,176.0,-759.5,240.0,1.229,1.174,-1.208,1.161
2376.554,176.0,-759.5,240.0,1.229,1.174,-1.208,1.161
2378.5530000000003,176.0,-759.5,240.0,1.229,1.174,-1.208,1.055
2380.4599999999996,176.0,-759.5,240.0,1.229,1.174,-1.208,1.055
2382.0800000000004,176.0,-759.5,240.0,1.229,1.174,-1.208,1.055
2385.59,176.0,-759.5,240.0,1.229,1.174,-1.208,1.055
2388.128,176.0,-759.5,240.0,1.229,1.174,-1.208,1.125
2390.669,176.0,-759.5,240.0,1.229,1.174,-1.208,1.125
2393.67,176.0,-759.5,240.0,1.229,1.174,-1.208,1.125
2398.185,176.0,-759.5,240.0,1.229,1.174,-1.208,1.16
2400.71,176.0,-759.5,240.0,1.229,1.174,-1.208,1.16
2402.733,176.0,-759.5,240.0,1.229,1.174,-1.208,1.196
2404.7309999999998,176.0,-759.5,240.0,1.229,1.174,-1.208,1.196
2406.736,176.0,-759.5,240.0,1.229,1.174,-1.208,1.196
2408.243,176.0,-759.5,240.0,1.229,1.174,-1.208,1.196
2410.314,176.0,-759.5,240.0,1.229,1.174,-1.208,1.196
2412.312,176.0,-759.5,240.0,1.229,1.174,-1.208,1.125
2414.323,176.0,-759.5,240.0,1.229,1.174,-1.208,1.125
2417.3179999999998,176.0,-759.5,240.0,1.229,1.174,-1.208,1.125
2419.359,176.0,-759.5,240.0,1.229,1.174,-1.208,1.195
2421.367,176.0,-759.5,240.0,1.229,1.174,-1.208,1.195
2423.376,176.0,-759.5,240.0,1.229,1.174,-1.208,1.195
2425.371,176.0,-759.5,240.0,1.229,1.174,-1.208,1.195
2427.3669999999997,176.0,-759.5,240.0,1.229,1.174,-1.208,1.019
2429.926,176.0,-759.5,240.0,1.229,1.174,-1.208,1.019
2431.94,176.0,-759.5,240.0,1.229,1.174,-1.208,1.019
2433.939,176.0,-759.5,240.0,1.229,1.174,-1.208,1.16
2435.94,176.0,-759.5,240.0,1.229,1.174,-1.208,1.16
2438.4519999999998,176.0,-759.5,240.0,1.229,1.174,-1.208,1.16
2440.2309999999998,176.0,-759.5,240.0,1.229,1.174,-1.208,1.16
2442.2450000000003,176.0,-759.5,240.0,1.229,1.174,-1.208,1.16
2444.2430000000004,176.0,-759.5,240.0,1.229,1.174,-1.208,1.231
2446.245,176.0,-759.5,240.0,1.229,1.174,-1.208,1.231
2448.257,176.0,-759.5,240.0,1.229,1.174,-1.208,1.231
2450.589,176.0,-759.5,240.0,1.229,1.174,-1.208,1.16
2452.5420000000004,176.0,-759.5,240.0,1.229,1.174,-1.208,1.16
2454.551,176.0,-759.5,240.0,1.229,1.174,-1.208,1.16
2456.549,176.0,-759.5,240.0,1.229,1.174,-1.208,1.16
2460.059,176.0,-759.5,240.0,1.229,1.174,-1.208,1.231
2462.153,176.0,-759.5,240.0,1.229,1.174,-1.208,1.231
2464.158,176.0,-759.5,240.0,1.229,1.174,-1.208,1.231
2466.17,176.0,-759.5,240.0,1.229,1.174,-1.208,1.125
2468.663,176.0,-759.5,240.0,1.229,1.174,-1.208,1.125
2470.542,176.0,-759.5,240.0,1.229,1.174,-1.208,1.125
2472.608,176.0,-759.5,240.0,1.229,1.174,-1.208,1.125
2474.606,176.0,-759.5,240.0,1.229,1.174,-1.208,1.16
2476.621,176.0,-759.5,240.0,1.229,1.174,-1.208,1.16
2480.361,176.0,-759.5,240.0,1.229,1.174,-1.208,1.16
2482.9,176.0,-759.5,240.0,1.229,1.174,-1.208,1.16
2484.9030000000002,176.0,-759.5,240.0,1.229,1.174,-1.208,1.16
2486.912,176.0,-759.5,240.0,1.229,1.174,-1.208,1.16
2488.436,176.0,-759.5,240.0,1.229,1.174,-1.208,1.16
2490.361,176.0,-759.5,240.0,1.229,1.174,-1.208,1.16
2492.521,176.0,-759.5,240.0,1.229,1.174,-1.208,1.337
2494.533,176.0,-759.5,240.0,1.229,1.174,-1.208,1.337
2497.537,176.0,-759.5,240.0,1.229,1.174,-1.208,1.337
2500.073,176.0,-759.5,240.0,1.229,1.174,-1.208,1.195
2502.619,176.0,-759.5,240.0,1.229,1.174,-1.208,1.195
2504.645,176.0,-759.5,240.0,1.229,1.174,-1.208,1.195
2506.6459999999997,176.0,-759.5,240.0,1.229,1.174,-1.208,1.195
2508.1699999999996,176.0,-759.5,240.0,1.229,1.174,-1.208,1.231
2510.544,176.0,-759.5,240.0,1.229,1.174,-1.208,1.231
2512.909,176.0,-759.5,240.0,1.229,1.174,-1.208,1.231
2515.9210000000003,176.0,-759.5,240.0,1.229,1.174,-1.208,1.231
2518.449,176.0,-759.5,240.0,1.229,1.174,-1.208,1.231
2522.024,176.0,-759.5,240.0,1.229,1.174,-1.208,1.231
2524.5609999999997,176.0,-759.5,240.0,1.229,1.174,-1.208,1.231
2526.558,176.0,-759.5,240.0,1.229,1.174,-1.208,1.196
2528.089,176.0,-759.5,240.0,1.229,1.174,-1.208,1.196
2531.661,176.0,-759.5,240.0,1.229,1.174,-1.208,1.196
2535.0229999999997,176.0,-759.5,240.0,1.229,1.174,-1.208,1.196
2537.006,176.0,-759.5,240.0,1.229,1.174,-1.208,1.196
2538.514,176.0,-759.5,240.0,1.229,1.174,-1.208,1.196
2540.0809999999997,176.0,-759.5,240.0,1.229,1.174,-1.208,1.196
2542.0950000000003,176.0,-759.5,240.0,1.229,1.174,-1.208,1.196
2544.096,176.0,-759.5,240.0,1.229,1.174,-1.208,1.196
2546.439,176.0,-759.5,240.0,1.229,1.174,-1.208,1.196
2548.955,176.0,-759.5,240.0,1.229,1.174,-1.208,1.196
2551.982,176.0,-759.5,240.0,1.229,1.174,-1.208,1.09
2554.501,176.0,-759.5,240.0,1.229,1.174,-1.208,1.09
2556.5159999999996,176.0,-759.5,240.0,1.229,1.174,-1.208,1.09
2558.531,176.0,-759.5,240.0,1.229,1.174,-1.208,1.125
2560.0649999999996,176.0,-759.5,240.0,1.229,1.174,-1.208,1.125
2562.084,176.0,-759.5,240.0,1.229,1.174,-1.208,1.125
2564.594,176.0,-759.5,240.0,1.229,1.174,-1.208,1.125
2568.118,176.0,-759.5,240.0,1.229,1.174,-1.208,1.125
2570.687,176.0,-759.5,240.0,1.229,1.174,-1.208,1.125
2572.7129999999997,176.0,-759.5,240.0,1.229,1.174,-1.208,1.125
2575.2380000000003,176.0,-759.5,240.0,1.229,1.174,-1.208,1.125
2577.25,176.0,-759.5,240.0,1.229,1.174,-1.208,1.09
2578.778,176.0,-759.5,240.0,1.229,1.174,-1.208,1.09
2581.301,176.0,-759.5,240.0,1.229,1.174,-1.208,1.09
2583.304,176.0,-759.5,240.0,1.229,1.174,-1.208,1.161
2585.3039999999996,176.0,-759.5,240.0,1.229,1.174,-1.208,1.161
2588.223,176.0,-759.5,240.0,1.229,1.174,-1.208,1.161
2590.4379999999996,176.0,-759.5,240.0,1.229,1.174,-1.208,1.161
2592.44,176.0,-759.5,240.0,1.229,1.174,-1.208,1.16
2594.425,176.0,-759.5,240.0,1.229,1.174,-1.208,1.16
2596.8810000000003,176.0,-759.5,240.0,1.229,1.174,-1.208,1.16
2598.945,176.0,-759.5,240.0,1.229,1.174,-1.208,1.16
2600.9730000000004,176.0,-759.5,240.0,1.229,1.174,-1.208,1.09
2604.984,176.0,-759.5,240.0,1.229,1.174,-1.208,1.09
2607.521,176.0,-759.5,240.0,1.229,1.174,-1.208,1.09
2610.0629999999996,176.0,-759.5,240.0,1.229,1.174,-1.208,1.125
2612.062,176.0,-759.5,240.0,1.229,1.174,-1.208,1.125
2614.0469999999996,176.0,-759.5,240.0,1.229,1.174,-1.208,1.125
2616.049,176.0,-759.5,240.0,1.229,1.174,-1.208,1.125
2618.314,176.0,-759.5,240.0,1.229,1.174,-1.208,1.195
2620.522,176.0,-759.5,240.0,1.229,1.174,-1.208,1.195
2624.176,176.0,-759.5,240.0,1.229,1.174,-1.208,1.195
2626.191,176.0,-759.5,240.0,1.229,1.174,-1.208,1.231
2628.317,176.0,-759.5,240.0,1.229,1.174,-1.208,1.231
2631.967,176.0,-759.5,240.0,1.229,1.174,-1.208,1.231
2633.975,176.0,-759.5,240.0,1.229,1.174,-1.208,1.161
2636.483,176.0,-759.5,240.0,1.229,1.174,-1.208,1.161
2638.509,176.0,-759.5,240.0,1.229,1.174,-1.208,1.161
2641.049,176.0,-759.5,240.0,1.229,1.174,-1.208,1.161
2643.046,176.0,-759.5,240.0,1.229,1.174,-1.208,1.125
2645.046,176.0,-759.5,240.0,1.229,1.174,-1.208,1.125
2646.571,176.0,-759.5,240.0,1.229,1.174,-1.208,1.125
2649.641,176.0,-759.5,240.0,1.229,1.174,-1.208,1.125
2651.668,176.0,-759.5,240.0,1.229,1.174,-1.208,1.09
2654.656,176.0,-759.5,240.0,1.229,1.174,-1.208,1.09
2657.178,176.0,-759.5,240.0,1.229,1.174,-1.208,1.09
2658.919,176.0,-759.5,240.0,1.229,1.174,-1.208,1.09
2660.946,176.0,-759.5,240.0,1.229,1.174,-1.208,1.09
2662.946,176.0,-759.5,240.0,1.229,1.174,-1.208,1.09
2664.941,176.0,-759.5,240.0,1.229,1.174,-1.208,1.09
2667.46,176.0,-759.5,240.0,1.229,1.174,-1.208,1.16
2670.023,176.0,-759.5,240.0,1.229,1.174,-1.208,1.16
2672.1620000000003,176.0,-759.5,240.0,1.229,1.174,-1.208,1.16
2674.1459999999997,176.0,-759.5,240.0,1.229,1.174,-1.208,1.16
2676.1620000000003,176.0,-759.5,240.0,1.229,1.174,-1.208,1.16
2678.2279999999996,176.0,-759.5,240.0,1.229,1.174,-1.208,1.16
2680.691,176.0,-759.5,240.0,1.229,1.174,-1.208,1.16
2682.363,176.0,-759.5,240.0,1.229,1.174,-1.208,1.16
2686.38,176.0,-759.5,240.0,1.229,1.174,-1.208,1.125
2688.949,176.0,-759.5,240.0,1.229,1.174,-1.208,1.125
2690.975,176.0,-759.5,240.0,1.229,1.174,-1.208,1.125
2692.975,176.0,-759.5,240.0,1.229,1.174,-1.208,1.126
2694.959,176.0,-759.5,240.0,1.229,1.174,-1.208,1.126
2696.9759999999997,176.0,-759.5,240.0,1.229,1.174,-1.208,1.126
2699.106,176.0,-759.5,240.0,1.229,1.174,-1.208,1.126
2703.074,176.0,-759.5,240.0,1.229,1.174,-1.208,1.196
2705.09,176.0,-759.5,240.0,1.229,1.174,-1.208,1.196
2707.072,176.0,-759.5,240.0,1.229,1.174,-1.208,1.196
2709.343,176.0,-759.5,240.0,1.229,1.174,-1.208,1.196
2711.353,176.0,-759.5,240.0,1.229,1.174,-1.208,1.196
2713.353,176.0,-759.5,240.0,1.229,1.174,-1.208,1.196
2715.366,176.0,-759.5,240.0,1.229,1.174,-1.208,1.196
2718.369,176.0,-759.5,240.0,1.229,1.174,-1.208,1.125
2722.23,176.0,-759.5,240.0,1.229,1.174,-1.208,1.125
2724.231,176.0,-759.5,240.0,1.229,1.174,-1.208,1.125
2726.246,176.0,-759.5,240.0,1.229,1.174,-1.208,1.161
2728.249,176.0,-759.5,240.0,1.229,1.174,-1.208,1.161
2730.3320000000003,176.0,-759.5,240.0,1.229,1.174,-1.208,1.161
2733.319,176.0,-759.5,240.0,1.229,1.174,-1.208,1.161
2735.334,176.0,-759.5,240.0,1.229,1.174,-1.208,1.232
2737.335,176.0,-759.5,240.0,1.229,1.174,-1.208,1.232
2741.413,176.0,-759.5,240.0,1.229,1.174,-1.208,1.232
2743.414,176.0,-759.5,240.0,1.229,1.174,-1.208,1.125
2745.4010000000003,176.0,-759.5,240.0,1.229,1.174,-1.208,1.125
2748.4030000000002,176.0,-759.5,240.0,1.229,1.174,-1.208,1.125
2751.9269999999997,176.0,-759.5,240.0,1.229,1.174,-1.208,1.125
2753.943,176.0,-759.5,240.0,1.229,1.174,-1.208,1.091
2755.9429999999998,176.0,-759.5,240.0,1.229,1.174,-1.208,1.091
2758.481,176.0,-759.5,240.0,1.229,1.174,-1.208,1.091
2760.605,176.0,-759.5,240.0,1.229,1.174,-1.208,1.16
2762.591,176.0,-759.5,240.0,1.229,1.174,-1.208,1.16
2764.594,176.0,-759.5,240.0,1.229,1.174,-1.208,1.16
2768.115,176.0,-759.5,240.0,1.229,1.174,-1.208,1.16
2771.195,176.0,-759.5,240.0,1.229,1.174,-1.208,1.195
2773.221,176.0,-759.5,240.0,1.229,1.174,-1.208,1.195
2775.221,176.0,-759.5,240.0,1.229,1.174,-1.208,1.195
2777.2039999999997,176.0,-759.5,240.0,1.229,1.174,-1.208,1.126
2779.265,176.0,-759.5,240.0,1.229,1.174,-1.208,1.126
2780.822,176.0,-759.5,240.0,1.229,1.174,-1.208,1.126
2784.838,176.0,-759.5,240.0,1.229,1.174,-1.208,1.126
2786.8379999999997,176.0,-759.5,240.0,1.229,1.174,-1.208,1.056
2789.913,176.0,-759.5,240.0,1.229,1.174,-1.208,1.056
2793.927,176.0,-759.5,240.0,1.229,1.174,-1.208,1.056
2795.9390000000003,176.0,-759.5,240.0,1.229,1.174,-1.208,1.126
2798.9950000000003,176.0,-759.5,240.0,1.229,1.174,-1.208,1.126
2801.261,176.0,-759.5,240.0,1.229,1.174,-1.208,1.126
2803.2659999999996,176.0,-759.5,240.0,1.229,1.174,-1.208,1.055
2805.26,176.0,-759.5,240.0,1.229,1.174,-1.208,1.055
2807.276,176.0,-759.5,240.0,1.229,1.174,-1.208,1.055
2809.2980000000002,176.0,-759.5,240.0,1.229,1.174,-1.208,1.055
2811.849,176.0,-759.5,240.0,1.229,1.174,-1.208,1.02
2814.8529999999996,176.0,-759.5,240.0,1.229,1.174,-1.208,1.02
2818.359,176.0,-759.5,240.0,1.229,1.174,-1.208,1.02
2820.5860000000002,176.0,-759.5,240.0,1.229,1.174,-1.208,1.196
2822.615,176.0,-759.5,240.0,1.229,1.174,-1.208,1.196
2824.616,176.0,-759.5,240.0,1.229,1.174,-1.208,1.196
2826.614,176.0,-759.5,240.0,1.229,1.174,-1.208,1.196
2829.148,176.0,-759.5,240.0,1.229,1.174,-1.208,1.196
2831.031,176.0,-759.5,240.0,1.229,1.174,-1.208,1.196
2833.046,176.0,-759.5,240.0,1.229,1.174,-1.208,1.196
2835.058,176.0,-759.5,240.0,1.229,1.174,-1.208,1.196
2837.058,176.0,-759.5,240.0,1.229,1.174,-1.208,1.055
2839.271,176.0,-759.5,240.0,1.229,1.174,-1.208,1.055
2841.203,176.0,-759.5,240.0,1.229,1.174,-1.208,1.055
2843.753,176.0,-759.5,240.0,1.229,1.174,-1.208,1.055
2845.726,176.0,-759.5,240.0,1.229,1.174,-1.208,1.231
2848.243,176.0,-759.5,240.0,1.229,1.174,-1.208,1.231
2851.2889999999998,176.0,-759.5,240.0,1.229,1.174,-1.208,1.231
2853.319,176.0,-759.5,240.0,1.229,1.174,-1.208,1.125
2855.3030000000003,176.0,-759.5,240.0,1.229,1.174,-1.208,1.125
2857.2999999999997,176.0,-759.5,240.0,1.229,1.174,-1.208,1.125
2859.1530000000002,176.0,-759.5,240.0,1.229,1.174,-1.208,1.125
2861.7050000000004,176.0,-759.5,240.0,1.229,1.174,-1.208,1.125
2863.726,176.0,-759.5,240.0,1.229,1.174,-1.208,1.161
2866.7349999999997,176.0,-759.5,240.0,1.229,1.174,-1.208,1.161
2869.797,176.0,-759.5,240.0,1.229,1.174,-1.208,1.161
2871.28,176.0,-759.5,240.0,1.229,1.174,-1.208,1.125
2873.851,176.0,-759.5,240.0,1.229,1.174,-1.208,1.125
2878.355,176.0,-759.5,240.0,1.229,1.174,-1.208,1.125
2880.62,176.0,-759.5,240.0,1.229,1.174,-1.208,1.09
2883.163,176.0,-759.5,240.0,1.229,1.174,-1.208,1.09
2889.277,176.0,-759.5,240.0,1.229,1.174,-1.208,1.09
2891.304,176.0,-759.5,240.0,1.229,1.174,-1.208,1.196
2893.547,176.0,-759.5,240.0,1.229,1.174,-1.208,1.196
2895.564,176.0,-759.5,240.0,1.229,1.174,-1.208,1.125
2898.079,176.0,-759.5,240.0,1.229,1.174,-1.208,1.125
2901.6530000000002,176.0,-759.5,240.0,1.229,1.174,-1.208,1.125
2903.739,176.0,-759.5,240.0,1.229,1.174,-1.208,1.126
2905.7430000000004,176.0,-759.5,240.0,1.229,1.174,-1.208,1.126
2908.2650000000003,176.0,-759.5,240.0,1.229,1.174,-1.208,1.126
2910.535,176.0,-759.5,240.0,1.229,1.174,-1.208,1.126
2913.0600000000004,176.0,-759.5,240.0,1.229,1.174,-1.208,1.09
2916.074,176.0,-759.5,240.0,1.229,1.174,-1.208,1.09
2918.0860000000002,176.0,-759.5,240.0,1.229,1.174,-1.208,1.09
2919.9570000000003,176.0,-759.5,240.0,1.229,1.174,-1.208,1.09
2923.917,176.0,-759.5,240.0,1.229,1.174,-1.208,1.125
2928.466,176.0,-759.5,240.0,1.229,1.174,-1.208,1.125
2932.033,176.0,-759.5,240.0,1.229,1.174,-1.208,1.231
2934.586,176.0,-759.5,240.0,1.229,1.174,-1.208,1.231
2936.585,176.0,-759.5,240.0,1.229,1.174,-1.208,1.231
2940.4370000000004,176.0,-759.5,240.0,1.229,1.174,-1.208,1.161
2942.306,176.0,-759.5,240.0,1.229,1.174,-1.208,1.161
2944.855,176.0,-759.5,240.0,1.229,1.174,-1.208,1.161
2946.8559999999998,176.0,-759.5,240.0,1.229,1.174,-1.208,1.161
2948.93,176.0,-759.5,240.0,1.229,1.174,-1.208,1.161
2951.9570000000003,176.0,-759.5,240.0,1.229,1.174,-1.208,1.161
2953.957,176.0,-759.5,240.0,1.229,1.174,-1.208,1.161
2956.2560000000003,176.0,-759.5,240.0,1.229,1.174,-1.208,1.195
2958.256,176.0,-759.5,240.0,1.229,1.174,-1.208,1.195
2960.42,176.0,-759.5,240.0,1.229,1.174,-1.208,1.195
2964.544,176.0,-759.5,240.0,1.229,1.174,-1.208,1.195
2966.56,176.0,-759.5,240.0,1.229,1.174,-1.208,1.16
2969.114,176.0,-759.5,240.0,1.229,1.174,-1.208,1.16
2971.321,176.0,-759.5,240.0,1.229,1.174,-1.208,1.16
2973.5719999999997,176.0,-759.5,240.0,1.229,1.174,-1.208,1.125
2976.07,176.0,-759.5,240.0,1.229,1.174,-1.208,1.125
2978.585,176.0,-759.5,240.0,1.229,1.174,-1.208,1.125
2981.166,176.0,-759.5,240.0,1.229,1.174,-1.208,1.126
2984.6879999999996,176.0,-759.5,240.0,1.229,1.174,-1.208,1.126
2986.7149999999997,176.0,-759.5,240.0,1.229,1.174,-1.208,1.126
2990.3759999999997,176.0,-759.5,240.0,1.229,1.174,-1.208,1.196
2992.377,176.0,-759.5,240.0,1.229,1.174,-1.208,1.196
2994.891,176.0,-759.5,240.0,1.229,1.174,-1.208,1.196
2996.901,176.0,-759.5,240.0,1.229,1.174,-1.208,1.196
2998.9759999999997,176.0,-759.5,240.0,1.229,1.174,-1.208,1.196
3001.0029999999997,176.0,-759.5,240.0,1.229,1.174,-1.208,1.196
3002.9900000000002,176.0,-759.5,240.0,1.229,1.174,-1.208,1.196
3004.988,176.0,-759.5,240.0,1.229,1.174,-1.208,1.231
3007.2980000000002,176.0,-759.5,240.0,1.229,1.174,-1.208,1.231
3009.128,176.0,-759.5,240.0,1.229,1.174,-1.208,1.231
3011.154,176.0,-759.5,240.0,1.229,1.174,-1.208,1.231
3013.1549999999997,176.0,-759.5,240.0,1.229,1.174,-1.208,1.16
3016.579,176.0,-759.5,240.0,1.229,1.174,-1.208,1.16
3019.13,176.0,-759.5,240.0,1.229,1.174,-1.208,1.16
3023.333,176.0,-759.5,240.0,1.229,1.174,-1.208,1.16
3025.339,176.0,-759.5,240.0,1.229,1.174,-1.208,1.196
3028.2,176.0,-759.5,240.0,1.229,1.174,-1.208,1.196
3030.447,176.0,-759.5,240.0,1.229,1.174,-1.208,1.161
3032.4390000000003,176.0,-759.5,240.0,1.229,1.174,-1.208,1.161
3036.585,176.0,-759.5,240.0,1.229,1.174,-1.208,1.161
3039.137,176.0,-759.5,240.0,1.229,1.174,-1.208,1.196
3041.352,176.0,-759.5,240.0,1.229,1.174,-1.208,1.196
3043.352,176.0,-759.5,240.0,1.229,1.174,-1.208,1.196
3045.8500000000004,176.0,-759.5,240.0,1.229,1.174,-1.208,1.196
3048.397,176.0,-759.5,240.0,1.229,1.174,-1.208,1.161
3050.9689999999996,176.0,-759.5,240.0,1.229,1.174,-1.208,1.161
3053.0750000000003,176.0,-759.5,240.0,1.229,1.174,-1.208,1.161
3054.611,176.0,-759.5,240.0,1.229,1.174,-1.208,1.16
3057.174,176.0,-759.5,240.0,1.229,1.174,-1.208,1.16
3059.392,176.0,-759.5,240.0,1.229,1.174,-1.208,1.16
3061.418,176.0,-759.5,240.0,1.229,1.174,-1.208,1.16
3063.418,176.0,-759.5,240.0,1.229,1.174,-1.208,1.125
3066.404,176.0,-759.5,240.0,1.229,1.174,-1.208,1.125
3068.442,176.0,-759.5,240.0,1.229,1.174,-1.208,1.125
3071.544,176.0,-759.5,240.0,1.229,1.174,-1.208,1.125
3073.79,176.0,-759.5,240.0,1.229,1.174,-1.208,1.16
3075.7940000000003,176.0,-759.5,240.0,1.229,1.174,-1.208,1.16
3078.5209999999997,176.0,-759.5,240.0,1.229,1.174,-1.208,1.16
3082.1130000000003,176.0,-759.5,240.0,1.229,1.174,-1.208,1.161
3084.0950000000003,176.0,-759.5,240.0,1.229,1.174,-1.208,1.161
3086.094,176.0,-759.5,240.0,1.229,1.174,-1.208,1.161
3088.2200000000003,176.0,-759.5,240.0,1.229,1.174,-1.208,1.231
3090.6380000000004,176.0,-759.5,240.0,1.229,1.174,-1.208,1.231
3092.451,176.0,-759.5,240.0,1.229,1.174,-1.208,1.231
3094.437,176.0,-759.5,240.0,1.229,1.174,-1.208,1.231
3098.126,176.0,-759.5,240.0,1.229,1.174,-1.208,1.02
3100.672,176.0,-759.5,240.0,1.229,1.174,-1.208,1.02
3104.699,176.0,-759.5,240.0,1.229,1.174,-1.208,1.02
3106.687,176.0,-759.5,240.0,1.229,1.174,-1.208,1.055
3109.2369999999996,176.0,-759.5,240.0,1.229,1.174,-1.208,1.055
3111.535,176.0,-759.5,240.0,1.229,1.174,-1.208,1.055
3113.526,176.0,-759.5,240.0,1.229,1.174,-1.208,1.09
3116.289,176.0,-759.5,240.0,1.229,1.174,-1.208,1.09
3118.382,176.0,-759.5,240.0,1.229,1.174,-1.208,1.09
3120.051,176.0,-759.5,240.0,1.229,1.174,-1.208,1.09
3122.066,176.0,-759.5,240.0,1.229,1.174,-1.208,1.055
3126.066,176.0,-759.5,240.0,1.229,1.174,-1.208,1.055
3128.05,176.0,-759.5,240.0,1.229,1.174,-1.208,1.055
3130.756,176.0,-759.5,240.0,1.229,1.174,-1.208,1.09
3132.379,176.0,-759.5,240.0,1.229,1.174,-1.208,1.09
3135.393,176.0,-759.5,240.0,1.229,1.174,-1.208,1.09
3137.393,176.0,-759.5,240.0,1.229,1.174,-1.208,1.09
3138.904,176.0,-759.5,240.0,1.229,1.174,-1.208,1.055
3140.93,176.0,-759.5,240.0,1.229,1.174,-1.208,1.055
3142.93,176.0,-759.5,240.0,1.229,1.174,-1.208,1.055
3144.93,176.0,-759.5,240.0,1.229,1.174,-1.208,1.055
3146.931,176.0,-759.5,240.0,1.229,1.174,-1.208,1.196
3153.007,176.0,-759.5,240.0,1.229,1.174,-1.208,1.196
3184.243,176.0,-759.5,240.0,1.229,1.174,-1.208,1.16
3187.244,176.0,-759.5,240.0,1.229,1.174,-1.208,1.09
3193.293,176.0,-759.5,240.0,1.229,1.174,-1.208,1.055
3200.329,176.0,-759.5,240.0,1.229,1.174,-1.208,1.161
3204.345,176.0,-759.5,240.0,1.229,1.174,-1.208,1.161
3206.34,176.0,-759.5,240.0,1.229,1.174,-1.208,1.125
3209.3650000000002,176.0,-759.5,240.0,1.229,1.174,-1.208,1.125
3211.929,176.0,-759.5,240.0,1.229,1.174,-1.208,1.196
3215.9300000000003,176.0,-759.5,240.0,1.229,1.174,-1.208,1.196
3218.446,176.0,-759.5,240.0,1.229,1.174,-1.208,1.196
3221.5150000000003,176.0,-759.5,240.0,1.229,1.174,-1.208,1.196
3224.532,176.0,-759.5,240.0,1.229,1.174,-1.208,1.196
3227.5269999999996,176.0,-759.5,240.0,1.229,1.174,-1.208,1.196
3230.0480000000002,176.0,-759.5,240.0,1.229,1.174,-1.208,1.196
3232.0570000000002,176.0,-759.5,240.0,1.229,1.174,-1.208,1.196
3234.5510000000004,176.0,-759.5,240.0,1.229,1.174,-1.208,1.196
3236.5499999999997,176.0,-759.5,240.0,1.229,1.174,-1.208,1.16
3239.606,176.0,-759.5,240.0,1.229,1.174,-1.208,1.16
3241.615,176.0,-759.5,240.0,1.229,1.174,-1.208,1.16
3244.004,176.0,-759.5,240.0,1.229,1.174,-1.208,1.16
3246.004,176.0,-759.5,240.0,1.229,1.174,-1.208,1.196
3249.174,176.0,-759.5,240.0,1.229,1.174,-1.208,1.196
3251.089,176.0,-759.5,240.0,1.229,1.174,-1.208,1.196
3253.1189999999997,176.0,-759.5,240.0,1.229,1.174,-1.208,1.09
3255.418,176.0,-759.5,240.0,1.229,1.174,-1.208,1.09
3257.417,176.0,-759.5,240.0,1.229,1.174,-1.208,1.09
3261.371,176.0,-759.5,240.0,1.229,1.174,-1.208,1.09
3263.3709999999996,176.0,-759.5,240.0,1.229,1.174,-1.208,1.09
3265.628,176.0,-759.5,240.0,1.229,1.174,-1.208,1.09
3268.14,176.0,-759.5,240.0,1.229,1.174,-1.208,1.09
3270.343,176.0,-759.5,240.0,1.229,1.174,-1.208,1.161
3272.864,176.0,-759.5,240.0,1.229,1.174,-1.208,1.161
3275.03,176.0,-759.5,240.0,1.229,1.174,-1.208,1.161
3277.0229999999997,176.0,-759.5,240.0,1.229,1.174,-1.208,1.16
3280.36,176.0,-759.5,240.0,1.229,1.174,-1.208,1.16
3282.1440000000002,176.0,-759.5,240.0,1.229,1.174,-1.208,1.16
3285.302,176.0,-759.5,240.0,1.229,1.174,-1.208,1.16
3287.3070000000002,176.0,-759.5,240.0,1.229,1.174,-1.208,1.161
3291.014,176.0,-759.5,240.0,1.229,1.174,-1.208,1.161
3293.029,176.0,-759.5,240.0,1.229,1.174,-1.208,1.09
3296.552,176.0,-759.5,240.0,1.229,1.174,-1.208,1.09
3299.6059999999998,176.0,-759.5,240.0,1.229,1.174,-1.208,1.09
3301.633,176.0,-759.5,240.0,1.229,1.174,-1.208,1.23
3303.623,176.0,-759.5,240.0,1.229,1.174,-1.208,1.23
3305.985,176.0,-759.5,240.0,1.229,1.174,-1.208,1.23
3308.538,176.0,-759.5,240.0,1.229,1.174,-1.208,1.23
3311.12,176.0,-759.5,240.0,1.229,1.174,-1.208,1.161
3313.12,176.0,-759.5,240.0,1.229,1.174,-1.208,1.161
3316.642,176.0,-759.5,240.0,1.229,1.174,-1.208,1.161
3319.197,176.0,-759.5,240.0,1.229,1.174,-1.208,1.161
3323.3959999999997,176.0,-759.5,240.0,1.229,1.174,-1.208,1.161
3325.413,176.0,-759.5,240.0,1.229,1.174,-1.208,1.161
3328.133,176.0,-759.5,240.0,1.229,1.174,-1.208,1.125
3330.419,176.0,-759.5,240.0,1.229,1.174,-1.208,1.125
3333.4100000000003,176.0,-759.5,240.0,1.229,1.174,-1.208,1.125
3335.933,176.0,-759.5,240.0,1.229,1.174,-1.208,1.055
3338.469,176.0,-759.5,240.0,1.229,1.174,-1.208,1.055
3342.0679999999998,176.0,-759.5,240.0,1.229,1.174,-1.208,1.055
3344.05,176.0,-759.5,240.0,1.229,1.174,-1.208,1.372
3346.065,176.0,-759.5,240.0,1.229,1.174,-1.208,1.372
3348.08,176.0,-759.5,240.0,1.229,1.174,-1.208,1.372
3350.64,176.0,-759.5,240.0,1.229,1.174,-1.208,1.372
3352.64,176.0,-759.5,240.0,1.229,1.174,-1.208,1.09
3354.64,176.0,-759.5,240.0,1.229,1.174,-1.208,1.09
3356.6349999999998,176.0,-759.5,240.0,1.229,1.174,-1.208,1.09
3358.466,176.0,-759.5,240.0,1.229,1.174,-1.208,1.09
3362.0429999999997,176.0,-759.5,240.0,1.229,1.174,-1.208,1.055
3364.029,176.0,-759.5,240.0,1.229,1.174,-1.208,1.055
3366.029,176.0,-759.5,240.0,1.229,1.174,-1.208,1.055
3368.353,176.0,-759.5,240.0,1.229,1.174,-1.208,1.16
3370.91,176.0,-759.5,240.0,1.229,1.174,-1.208,1.16
3373.464,176.0,-759.5,240.0,1.229,1.174,-1.208,1.16
3375.449,176.0,-759.5,240.0,1.229,1.174,-1.208,1.16
3377.4519999999998,176.0,-759.5,240.0,1.229,1.174,-1.208,1.231
3379.279,176.0,-759.5,240.0,1.229,1.174,-1.208,1.231
3381.511,176.0,-759.5,240.0,1.229,1.174,-1.208,1.231
3384.491,176.0,-759.5,240.0,1.229,1.174,-1.208,1.231
3388.5040000000004,176.0,-759.5,240.0,1.229,1.174,-1.208,1.231
3390.387,176.0,-759.5,240.0,1.229,1.174,-1.208,1.231
3392.043,176.0,-759.5,240.0,1.229,1.174,-1.208,1.231
3394.038,176.0,-759.5,240.0,1.229,1.174,-1.208,1.16
3396.043,176.0,-759.5,240.0,1.229,1.174,-1.208,1.16
3399.091,176.0,-759.5,240.0,1.229,1.174,-1.208,1.16
3401.118,176.0,-759.5,240.0,1.229,1.174,-1.208,1.16
3404.671,176.0,-759.5,240.0,1.229,1.174,-1.208,1.16
3406.672,176.0,-759.5,240.0,1.229,1.174,-1.208,1.16
3410.6169999999997,176.0,-759.5,240.0,1.229,1.174,-1.208,1.16
3412.9269999999997,176.0,-759.5,240.0,1.229,1.174,-1.208,1.125
3414.9440000000004,176.0,-759.5,240.0,1.229,1.174,-1.208,1.125
3418.468,176.0,-759.5,240.0,1.229,1.174,-1.208,1.125
3421.042,176.0,-759.5,240.0,1.229,1.174,-1.208,1.161
3423.0429999999997,176.0,-759.5,240.0,1.229,1.174,-1.208,1.161
3425.581,176.0,-759.5,240.0,1.229,1.174,-1.208,1.161
3428.098,176.0,-759.5,240.0,1.229,1.174,-1.208,1.126
3430.58,176.0,-759.5,240.0,1.229,1.174,-1.208,1.126
3433.636,176.0,-759.5,240.0,1.229,1.174,-1.208,1.126
3434.955,176.0,-759.5,240.0,1.229,1.174,-1.208,1.161
3436.953,176.0,-759.5,240.0,1.229,1.174,-1.208,1.161
3440.097,176.0,-759.5,240.0,1.229,1.174,-1.208,1.161
3442.0890000000004,176.0,-759.5,240.0,1.229,1.174,-1.208,1.161
3444.0719999999997,176.0,-759.5,240.0,1.229,1.174,-1.208,1.125
3446.455,176.0,-759.5,240.0,1.229,1.174,-1.208,1.125
3448.9519999999998,176.0,-759.5,240.0,1.229,1.174,-1.208,1.125
3450.98,176.0,-759.5,240.0,1.229,1.174,-1.208,1.125
3452.979,176.0,-759.5,240.0,1.229,1.174,-1.208,1.195
3455.512,176.0,-759.5,240.0,1.229,1.174,-1.208,1.195
3457.513,176.0,-759.5,240.0,1.229,1.174,-1.208,1.195
3460.064,176.0,-759.5,240.0,1.229,1.174,-1.208,1.195
3462.048,176.0,-759.5,240.0,1.229,1.174,-1.208,1.055
3464.049,176.0,-759.5,240.0,1.229,1.174,-1.208,1.055
3466.566,176.0,-759.5,240.0,1.229,1.174,-1.208,1.055
3470.504,176.0,-759.5,240.0,1.229,1.174,-1.208,1.055
3472.229,176.0,-759.5,240.0,1.229,1.174,-1.208,1.161
3474.416,176.0,-759.5,240.0,1.229,1.174,-1.208,1.161
3476.939,176.0,-759.5,240.0,1.229,1.174,-1.208,1.161
3478.491,176.0,-759.5,240.0,1.229,1.174,-1.208,1.196
3481.044,176.0,-759.5,240.0,1.229,1.174,-1.208,1.196
3484.047,176.0,-759.5,240.0,1.229,1.174,-1.208,1.196
3486.056,176.0,-759.5,240.0,1.229,1.174,-1.208,1.196
3488.283,176.0,-759.5,240.0,1.229,1.174,-1.208,1.125
3491.848,176.0,-759.5,240.0,1.229,1.174,-1.208,1.125
3493.848,176.0,-759.5,240.0,1.229,1.174,-1.208,1.125
3495.848,176.0,-759.5,240.0,1.229,1.174,-1.208,1.231
3498.3450000000003,176.0,-759.5,240.0,1.229,1.174,-1.208,1.231
3500.896,176.0,-759.5,240.0,1.229,1.174,-1.208,1.231
3502.911,176.0,-759.5,240.0,1.229,1.174,-1.208,1.09
3504.911,176.0,-759.5,240.0,1.229,1.174,-1.208,1.09
3506.911,176.0,-759.5,240.0,1.229,1.174,-1.208,1.09
3510.0099999999998,176.0,-759.5,240.0,1.229,1.174,-1.208,1.09
3512.01,176.0,-759.5,240.0,1.229,1.174,-1.208,1.196
3514.253,176.0,-759.5,240.0,1.229,1.174,-1.208,1.196
3516.252,176.0,-759.5,240.0,1.229,1.174,-1.208,1.196
3519.0139999999997,176.0,-759.5,240.0,1.229,1.174,-1.208,1.196
3521.04,176.0,-759.5,240.0,1.229,1.174,-1.208,1.161
3522.565,176.0,-759.5,240.0,1.229,1.174,-1.208,1.161
3524.575,176.0,-759.5,240.0,1.229,1.174,-1.208,1.161
3528.114,176.0,-759.5,240.0,1.229,1.174,-1.208,1.161
3530.5499999999997,176.0,-759.5,240.0,1.229,1.174,-1.208,1.196
3533.078,176.0,-759.5,240.0,1.229,1.174,-1.208,1.196
3536.1099999999997,176.0,-759.5,240.0,1.229,1.174,-1.208,1.196
3538.115,176.0,-759.5,240.0,1.229,1.174,-1.208,1.125
3539.917,176.0,-759.5,240.0,1.229,1.174,-1.208,1.125
3541.931,176.0,-759.5,240.0,1.229,1.174,-1.208,1.125
3543.931,176.0,-759.5,240.0,1.229,1.174,-1.208,1.125
3549.241,176.0,-759.5,240.0,1.229,1.174,-1.208,1.16
3551.261,176.0,-759.5,240.0,1.229,1.174,-1.208,1.16
3553.269,176.0,-759.5,240.0,1.229,1.174,-1.208,1.266
3554.78,176.0,-759.5,240.0,1.229,1.174,-1.208,1.266
3556.806,176.0,-759.5,240.0,1.229,1.174,-1.208,1.266
3560.7929999999997,176.0,-759.5,240.0,1.229,1.174,-1.208,1.266
3562.53,176.0,-759.5,240.0,1.229,1.174,-1.208,1.161
3564.526,176.0,-759.5,240.0,1.229,1.174,-1.208,1.161
3566.662,176.0,-759.5,240.0,1.229,1.174,-1.208,1.161
3569.213,176.0,-759.5,240.0,1.229,1.174,-1.208,1.161
3571.357,176.0,-759.5,240.0,1.229,1.174,-1.208,1.09
3573.649,176.0,-759.5,240.0,1.229,1.174,-1.208,1.09
3575.7180000000003,176.0,-759.5,240.0,1.229,1.174,-1.208,1.09
3578.329,176.0,-759.5,240.0,1.229,1.174,-1.208,1.09
3580.6330000000003,176.0,-759.5,240.0,1.229,1.174,-1.208,1.231
3582.477,176.0,-759.5,240.0,1.229,1.174,-1.208,1.231
3585.005,176.0,-759.5,240.0,1.229,1.174,-1.208,1.231
3587.032,176.0,-759.5,240.0,1.229,1.174,-1.208,1.196
3588.54,176.0,-759.5,240.0,1.229,1.174,-1.208,1.196
3592.12,176.0,-759.5,240.0,1.229,1.174,-1.208,1.196
3594.105,176.0,-759.5,240.0,1.229,1.174,-1.208,1.196
3596.2309999999998,176.0,-759.5,240.0,1.229,1.174,-1.208,1.231
3598.754,176.0,-759.5,240.0,1.229,1.174,-1.208,1.231
3600.278,176.0,-759.5,240.0,1.229,1.174,-1.208,1.231
3602.292,176.0,-759.5,240.0,1.229,1.174,-1.208,1.231
3604.275,176.0,-759.5,240.0,1.229,1.174,-1.208,1.09
3606.427,176.0,-759.5,240.0,1.229,1.174,-1.208,1.09
3608.426,176.0,-759.5,240.0,1.229,1.174,-1.208,1.09
3610.9610000000002,176.0,-759.5,240.0,1.229,1.174,-1.208,1.09
3612.961,176.0,-759.5,240.0,1.229,1.174,-1.208,1.055
3616.4930000000004,176.0,-759.5,240.0,1.229,1.174,-1.208,1.055
3618.51,176.0,-759.5,240.0,1.229,1.174,-1.208,1.055
3621.044,176.0,-759.5,240.0,1.229,1.174,-1.208,1.266
3623.06,176.0,-759.5,240.0,1.229,1.174,-1.208,1.266
3625.0460000000003,176.0,-759.5,240.0,1.229,1.174,-1.208,1.266
3627.29,176.0,-759.5,240.0,1.229,1.174,-1.208,1.266
3630.952,176.0,-759.5,240.0,1.229,1.174,-1.208,1.125
3634.951,176.0,-759.5,240.0,1.229,1.174,-1.208,1.125
3637.4849999999997,176.0,-759.5,240.0,1.229,1.174,-1.208,1.125
3641.037,176.0,-759.5,240.0,1.229,1.174,-1.208,1.16
3643.036,176.0,-759.5,240.0,1.229,1.174,-1.208,1.16
3645.036,176.0,-759.5,240.0,1.229,1.174,-1.208,1.16
3648.116,176.0,-759.5,240.0,1.229,1.174,-1.208,1.09
3650.435,176.0,-759.5,240.0,1.229,1.174,-1.208,1.09
3652.445,176.0,-759.5,240.0,1.229,1.174,-1.208,1.09
3654.441,176.0,-759.5,240.0,1.229,1.174,-1.208,1.196
3656.9539999999997,176.0,-759.5,240.0,1.229,1.174,-1.208,1.196
3659.04,176.0,-759.5,240.0,1.229,1.174,-1.208,1.196
3661.066,176.0,-759.5,240.0,1.229,1.174,-1.208,1.196
3663.067,176.0,-759.5,240.0,1.229,1.174,-1.208,1.09
3665.07,176.0,-759.5,240.0,1.229,1.174,-1.208,1.09
3667.58,176.0,-759.5,240.0,1.229,1.174,-1.208,1.09
3670.283,176.0,-759.5,240.0,1.229,1.174,-1.208,1.09
3672.284,176.0,-759.5,240.0,1.229,1.174,-1.208,1.231
3674.609,176.0,-759.5,240.0,1.229,1.174,-1.208,1.231
3676.625,176.0,-759.5,240.0,1.229,1.174,-1.208,1.231
3678.133,176.0,-759.5,240.0,1.229,1.174,-1.208,1.231
3680.6519999999996,176.0,-759.5,240.0,1.229,1.174,-1.208,1.09
3682.259,176.0,-759.5,240.0,1.229,1.174,-1.208,1.09
3684.239,176.0,-759.5,240.0,1.229,1.174,-1.208,1.09
3688.2540000000004,176.0,-759.5,240.0,1.229,1.174,-1.208,1.09
3690.131,176.0,-759.5,240.0,1.229,1.174,-1.208,1.16
3692.1330000000003,176.0,-759.5,240.0,1.229,1.174,-1.208,1.16
3694.1130000000003,176.0,-759.5,240.0,1.229,1.174,-1.208,1.16
3696.129,176.0,-759.5,240.0,1.229,1.174,-1.208,1.161
3698.649,176.0,-759.5,240.0,1.229,1.174,-1.208,1.161
3701.221,176.0,-759.5,240.0,1.229,1.174,-1.208,1.161
3703.2250000000004,176.0,-759.5,240.0,1.229,1.174,-1.208,1.161
3705.209,176.0,-759.5,240.0,1.229,1.174,-1.208,1.196
3709.049,176.0,-759.5,240.0,1.229,1.174,-1.208,1.196
3711.0750000000003,176.0,-759.5,240.0,1.229,1.174,-1.208,1.196
3713.0589999999997,176.0,-759.5,240.0,1.229,1.174,-1.208,1.196
3715.062,176.0,-759.5,240.0,1.229,1.174,-1.208,1.196
3718.0780000000004,176.0,-759.5,240.0,1.229,1.174,-1.208,1.196
3720.241,176.0,-759.5,240.0,1.229,1.174,-1.208,1.196
3722.2270000000003,176.0,-759.5,240.0,1.229,1.174,-1.208,1.055
3724.224,176.0,-759.5,240.0,1.229,1.174,-1.208,1.055
3726.224,176.0,-759.5,240.0,1.229,1.174,-1.208,1.055
3729.336,176.0,-759.5,240.0,1.229,1.174,-1.208,1.055
3731.353,176.0,-759.5,240.0,1.229,1.174,-1.208,1.019
3735.366,176.0,-759.5,240.0,1.229,1.174,-1.208,1.019
3738.912,176.0,-759.5,240.0,1.229,1.174,-1.208,1.019
3741.5280000000002,176.0,-759.5,240.0,1.229,1.174,-1.208,1.161
3743.529,176.0,-759.5,240.0,1.229,1.174,-1.208,1.161
3745.511,176.0,-759.5,240.0,1.229,1.174,-1.208,1.161
3748.521,176.0,-759.5,240.0,1.229,1.174,-1.208,1.055
3750.712,176.0,-759.5,240.0,1.229,1.174,-1.208,1.055
3754.619,176.0,-759.5,240.0,1.229,1.174,-1.208,1.055
3756.619,176.0,-759.5,240.0,1.229,1.174,-1.208,1.231
3758.1440000000002,176.0,-759.5,240.0,1.229,1.174,-1.208,1.231
3759.877,176.0,-759.5,240.0,1.229,1.174,-1.208,1.231
3761.904,176.0,-759.5,240.0,1.229,1.174,-1.208,1.231
3765.888,176.0,-759.5,240.0,1.229,1.174,-1.208,1.126
3768.398,176.0,-759.5,240.0,1.229,1.174,-1.208,1.126
3771.076,176.0,-759.5,240.0,1.229,1.174,-1.208,1.126
3773.612,176.0,-759.5,240.0,1.229,1.174,-1.208,1.231
3775.612,176.0,-759.5,240.0,1.229,1.174,-1.208,1.231
3778.187,176.0,-759.5,240.0,1.229,1.174,-1.208,1.231
3780.277,176.0,-759.5,240.0,1.229,1.174,-1.208,1.195
3782.311,176.0,-759.5,240.0,1.229,1.174,-1.208,1.195
3784.287,176.0,-759.5,240.0,1.229,1.174,-1.208,1.195
3786.304,176.0,-759.5,240.0,1.229,1.174,-1.208,1.195
3788.303,176.0,-759.5,240.0,1.229,1.174,-1.208,1.195
3790.546,176.0,-759.5,240.0,1.229,1.174,-1.208,1.266
3792.5719999999997,176.0,-759.5,240.0,1.229,1.174,-1.208,1.266
3794.576,176.0,-759.5,240.0,1.229,1.174,-1.208,1.266
3796.5719999999997,176.0,-759.5,240.0,1.229,1.174,-1.208,1.266
3801.0730000000003,176.0,-759.5,240.0,1.229,1.174,-1.208,1.126
3803.099,176.0,-759.5,240.0,1.229,1.174,-1.208,1.126
3805.0989999999997,176.0,-759.5,240.0,1.229,1.174,-1.208,1.126
3807.099,176.0,-759.5,240.0,1.229,1.174,-1.208,1.16
3809.062,176.0,-759.5,240.0,1.229,1.174,-1.208,1.16
3811.412,176.0,-759.5,240.0,1.229,1.174,-1.208,1.16
3813.806,176.0,-759.5,240.0,1.229,1.174,-1.208,1.301
3815.811,176.0,-759.5,240.0,1.229,1.174,-1.208,1.301
3818.348,176.0,-759.5,240.0,1.229,1.174,-1.208,1.301
3820.7749999999996,176.0,-759.5,240.0,1.229,1.174,-1.208,1.301
3822.9069999999997,176.0,-759.5,240.0,1.229,1.174,-1.208,1.125
3824.8959999999997,176.0,-759.5,240.0,1.229,1.174,-1.208,1.125
3828.304,176.0,-759.5,240.0,1.229,1.174,-1.208,1.125
3830.505,176.0,-759.5,240.0,1.229,1.174,-1.208,1.125
3832.603,176.0,-759.5,240.0,1.229,1.174,-1.208,1.055
3834.631,176.0,-759.5,240.0,1.229,1.174,-1.208,1.055
3836.63,176.0,-759.5,240.0,1.229,1.174,-1.208,1.055
3839.1479999999997,176.0,-759.5,240.0,1.229,1.174,-1.208,1.055
3841.351,176.0,-759.5,240.0,1.229,1.174,-1.208,1.055
3843.925,176.0,-759.5,240.0,1.229,1.174,-1.208,1.055
3845.923,176.0,-759.5,240.0,1.229,1.174,-1.208,1.055
3848.979,176.0,-759.5,240.0,1.229,1.174,-1.208,1.231
3850.993,176.0,-759.5,240.0,1.229,1.174,-1.208,1.231
3853.549,176.0,-759.5,240.0,1.229,1.174,-1.208,1.231
3855.553,176.0,-759.5,240.0,1.229,1.174,-1.208,1.231
3858.06,176.0,-759.5,240.0,1.229,1.174,-1.208,1.125
3860.1369999999997,176.0,-759.5,240.0,1.229,1.174,-1.208,1.125
3862.674,176.0,-759.5,240.0,1.229,1.174,-1.208,1.125
3864.687,176.0,-759.5,240.0,1.229,1.174,-1.208,1.125
3866.689,176.0,-759.5,240.0,1.229,1.174,-1.208,1.09
3870.4339999999997,176.0,-759.5,240.0,1.229,1.174,-1.208,1.09
3872.426,176.0,-759.5,240.0,1.229,1.174,-1.208,1.09
3874.962,176.0,-759.5,240.0,1.229,1.174,-1.208,1.231
3878.482,176.0,-759.5,240.0,1.229,1.174,-1.208,1.231
3882.056,176.0,-759.5,240.0,1.229,1.174,-1.208,1.231
3884.582,176.0,-759.5,240.0,1.229,1.174,-1.208,1.196
3888.1009999999997,176.0,-759.5,240.0,1.229,1.174,-1.208,1.196
3890.2070000000003,176.0,-759.5,240.0,1.229,1.174,-1.208,1.196
3892.1899999999996,176.0,-759.5,240.0,1.229,1.174,-1.208,1.125
3894.6139999999996,176.0,-759.5,240.0,1.229,1.174,-1.208,1.125
3896.6150000000002,176.0,-759.5,240.0,1.229,1.174,-1.208,1.125
3899.651,176.0,-759.5,240.0,1.229,1.174,-1.208,1.125
3903.6780000000003,176.0,-759.5,240.0,1.229,1.174,-1.208,1.125
3905.935,176.0,-759.5,240.0,1.229,1.174,-1.208,1.125
3908.4590000000003,176.0,-759.5,240.0,1.229,1.174,-1.208,1.125
3911.0330000000004,176.0,-759.5,240.0,1.229,1.174,-1.208,1.125
3913.033,176.0,-759.5,240.0,1.229,1.174,-1.208,1.125
3916.5480000000002,176.0,-759.5,240.0,1.229,1.174,-1.208,1.125
3919.1029999999996,176.0,-759.5,240.0,1.229,1.174,-1.208,1.266
3926.826,176.0,-759.5,240.0,1.229,1.174,-1.208,1.266
3934.879,176.0,-759.5,240.0,1.229,1.174,-1.208,1.231
3947.466,176.0,-759.5,240.0,1.229,1.174,-1.208,1.019
3950.002,176.0,-759.5,240.0,1.229,1.174,-1.208,1.09
3956.02,176.0,-759.5,240.0,1.229,1.174,-1.208,1.09
3967.129,176.0,-759.5,240.0,1.229,1.174,-1.208,1.09
3973.2180000000003,176.0,-759.5,240.0,1.229,1.174,-1.208,1.161
3975.2360000000003,176.0,-759.5,240.0,1.229,1.174,-1.208,1.09
3977.23,176.0,-759.5,240.0,1.229,1.174,-1.208,1.09
3979.237,176.0,-759.5,240.0,1.229,1.174,-1.208,1.09
3981.254,176.0,-759.5,240.0,1.229,1.174,-1.208,1.09
3983.774,176.0,-759.5,240.0,1.229,1.174,-1.208,1.019
3985.786,176.0,-759.5,240.0,1.229,1.174,-1.208,1.019
3989.313,176.0,-759.5,240.0,1.229,1.174,-1.208,1.019
3991.8360000000002,176.0,-759.5,240.0,1.229,1.174,-1.208,1.055
3994.3520000000003,176.0,-759.5,240.0,1.229,1.174,-1.208,1.055
3997.369,176.0,-759.5,240.0,1.229,1.174,-1.208,1.055
4001.4200000000005,176.0,-759.5,240.0,1.229,1.174,-1.208,1.16
4004.93,176.0,-759.5,240.0,1.229,1.174,-1.208,1.16
4006.944,176.0,-759.5,240.0,1.229,1.174,-1.208,1.055
4008.4530000000004,176.0,-759.5,240.0,1.229,1.174,-1.208,1.055
4011.996,176.0,-759.5,240.0,1.229,1.174,-1.208,1.055
4015.516,176.0,-759.5,240.0,1.229,1.174,-1.208,1.196
4018.046,176.0,-759.5,240.0,1.229,1.174,-1.208,1.196
4022.2170000000006,176.0,-759.5,240.0,1.229,1.174,-1.208,1.196
4024.2180000000003,176.0,-759.5,240.0,1.229,1.174,-1.208,1.196
4025.731,176.0,-759.5,240.0,1.229,1.174,-1.208,1.196
4028.335,176.0,-759.5,240.0,1.229,1.174,-1.208,1.196
4030.683,176.0,-759.5,240.0,1.229,1.174,-1.208,1.126
4032.3669999999997,176.0,-759.5,240.0,1.229,1.174,-1.208,1.126
4034.3689999999997,176.0,-759.5,240.0,1.229,1.174,-1.208,1.126
4038.3959999999997,176.0,-759.5,240.0,1.229,1.174,-1.208,1.126
4039.938,176.0,-759.5,240.0,1.229,1.174,-1.208,1.161
4041.9359999999997,176.0,-759.5,240.0,1.229,1.174,-1.208,1.161
4043.9360000000006,176.0,-759.5,240.0,1.229,1.174,-1.208,1.161
4045.9370000000004,176.0,-759.5,240.0,1.229,1.174,-1.208,1.161
4048.189,176.0,-759.5,240.0,1.229,1.174,-1.208,1.161
4050.4449999999997,176.0,-759.5,240.0,1.229,1.174,-1.208,1.161
4051.9299999999994,176.0,-759.5,240.0,1.229,1.174,-1.208,1.161
4053.9269999999997,176.0,-759.5,240.0,1.229,1.174,-1.208,1.161
4056.4390000000003,176.0,-759.5,240.0,1.229,1.174,-1.208,1.055
4058.447,176.0,-759.5,240.0,1.229,1.174,-1.208,1.055
4059.972,176.0,-759.5,240.0,1.229,1.174,-1.208,1.055
4061.966,176.0,-759.5,240.0,1.229,1.174,-1.208,1.055
4065.969,176.0,-759.5,240.0,1.229,1.174,-1.208,1.195
4068.253,176.0,-759.5,240.0,1.229,1.174,-1.208,1.195
4072.3500000000004,176.0,-759.5,240.0,1.229,1.174,-1.208,1.195
4074.3919999999994,176.0,-759.5,240.0,1.229,1.174,-1.208,1.125
4076.405,176.0,-759.5,240.0,1.229,1.174,-1.208,1.125
4080.3570000000004,176.0,-759.5,240.0,1.229,1.174,-1.208,1.125
4083.3449999999993,176.0,-759.5,240.0,1.229,1.174,-1.208,1.161
4085.357,176.0,-759.5,240.0,1.229,1.174,-1.208,1.161
4087.8819999999996,176.0,-759.5,240.0,1.229,1.174,-1.208,1.126
4090.4030000000002,176.0,-759.5,240.0,1.229,1.174,-1.208,1.126
4091.977,176.0,-759.5,240.0,1.229,1.174,-1.208,1.126
4093.9759999999997,176.0,-759.5,240.0,1.229,1.174,-1.208,1.126
4095.969,176.0,-759.5,240.0,1.229,1.174,-1.208,1.231
4099.021,176.0,-759.5,240.0,1.229,1.174,-1.208,1.231
4102.048,176.0,-759.5,240.0,1.229,1.174,-1.208,1.231
4104.053000000001,176.0,-759.5,240.0,1.229,1.174,-1.208,1.196
4106.049,176.0,-759.5,240.0,1.229,1.174,-1.208,1.196
4108.052,176.0,-759.5,240.0,1.229,1.174,-1.208,1.196
4110.611,176.0,-759.5,240.0,1.229,1.174,-1.208,1.196
4112.638,176.0,-759.5,240.0,1.229,1.174,-1.208,1.126
4114.639,176.0,-759.5,240.0,1.229,1.174,-1.208,1.126
4118.157,176.0,-759.5,240.0,1.229,1.174,-1.208,1.126
4120.391,176.0,-759.5,240.0,1.229,1.174,-1.208,1.126
4122.3910000000005,176.0,-759.5,240.0,1.229,1.174,-1.208,1.196
4124.393,176.0,-759.5,240.0,1.229,1.174,-1.208,1.196
4126.391,176.0,-759.5,240.0,1.229,1.174,-1.208,1.196
4128.391,176.0,-759.5,240.0,1.229,1.174,-1.208,1.196
4132.147,176.0,-759.5,240.0,1.229,1.174,-1.208,1.125
4135.1449999999995,176.0,-759.5,240.0,1.229,1.174,-1.208,1.125
4137.138,176.0,-759.5,240.0,1.229,1.174,-1.208,1.161
4140.246,176.0,-759.5,240.0,1.229,1.174,-1.208,1.161
4142.246,176.0,-759.5,240.0,1.229,1.174,-1.208,1.161
4144.2300000000005,176.0,-759.5,240.0,1.229,1.174,-1.208,1.161
4146.246,176.0,-759.5,240.0,1.229,1.174,-1.208,1.196
4149.3099999999995,176.0,-759.5,240.0,1.229,1.174,-1.208,1.196
4151.335999999999,176.0,-759.5,240.0,1.229,1.174,-1.208,1.196
4155.223,176.0,-759.5,240.0,1.229,1.174,-1.208,1.196
4157.224,176.0,-759.5,240.0,1.229,1.174,-1.208,1.02
4158.968,176.0,-759.5,240.0,1.229,1.174,-1.208,1.02
4160.994,176.0,-759.5,240.0,1.229,1.174,-1.208,1.02
4162.994000000001,176.0,-759.5,240.0,1.229,1.174,-1.208,1.16
4164.996999999999,176.0,-759.5,240.0,1.229,1.174,-1.208,1.16
4166.995,176.0,-759.5,240.0,1.229,1.174,-1.208,1.16
4169.073,176.0,-759.5,240.0,1.229,1.174,-1.208,1.16
4171.1,176.0,-759.5,240.0,1.229,1.174,-1.208,1.125
4173.6230000000005,176.0,-759.5,240.0,1.229,1.174,-1.208,1.125
4175.65,176.0,-759.5,240.0,1.229,1.174,-1.208,1.125
4178.167,176.0,-759.5,240.0,1.229,1.174,-1.208,1.125
4180.289,176.0,-759.5,240.0,1.229,1.174,-1.208,1.196
4182.298000000001,176.0,-759.5,240.0,1.229,1.174,-1.208,1.196
4185.306,176.0,-759.5,240.0,1.229,1.174,-1.208,1.196
4187.304,176.0,-759.5,240.0,1.229,1.174,-1.208,1.09
4189.2,176.0,-759.5,240.0,1.229,1.174,-1.208,1.09
4190.778,176.0,-759.5,240.0,1.229,1.174,-1.208,1.09
4192.775000000001,176.0,-759.5,240.0,1.229,1.174,-1.208,1.09
4196.773999999999,176.0,-759.5,240.0,1.229,1.174,-1.208,1.09
4199.835,176.0,-759.5,240.0,1.229,1.174,-1.208,1.055
4201.852,176.0,-759.5,240.0,1.229,1.174,-1.208,1.055
4203.863,176.0,-759.5,240.0,1.229,1.174,-1.208,1.055
4205.863,176.0,-759.5,240.0,1.229,1.174,-1.208,1.09
4208.391,176.0,-759.5,240.0,1.229,1.174,-1.208,1.09
4210.045,176.0,-759.5,240.0,1.229,1.174,-1.208,1.09
4212.152,176.0,-759.5,240.0,1.229,1.174,-1.208,1.09
4215.143999999999,176.0,-759.5,240.0,1.229,1.174,-1.208,1.09
4217.144,176.0,-759.5,240.0,1.229,1.174,-1.208,1.09
4219.322,176.0,-759.5,240.0,1.229,1.174,-1.208,1.09
4221.349,176.0,-759.5,240.0,1.229,1.174,-1.208,1.195
4223.634,176.0,-759.5,240.0,1.229,1.174,-1.208,1.195
4225.634,176.0,-759.5,240.0,1.229,1.174,-1.208,1.195
4228.16,176.0,-759.5,240.0,1.229,1.174,-1.208,1.195
4230.281,176.0,-759.5,240.0,1.229,1.174,-1.208,1.02
4232.819,176.0,-759.5,240.0,1.229,1.174,-1.208,1.02
4235.83,176.0,-759.5,240.0,1.229,1.174,-1.208,1.02
4238.343000000001,176.0,-759.5,240.0,1.229,1.174,-1.208,1.231
4240.924,176.0,-759.5,240.0,1.229,1.174,-1.208,1.231
4243.0830000000005,176.0,-759.5,240.0,1.229,1.174,-1.208,1.231
4246.102,176.0,-759.5,240.0,1.229,1.174,-1.208,1.231
4248.625,176.0,-759.5,240.0,1.229,1.174,-1.208,1.16
4252.183999999999,176.0,-759.5,240.0,1.229,1.174,-1.208,1.16
4256.249000000001,176.0,-759.5,240.0,1.229,1.174,-1.208,1.161
4258.25,176.0,-759.5,240.0,1.229,1.174,-1.208,1.161
4260.478,176.0,-759.5,240.0,1.229,1.174,-1.208,1.161
